id,nombre,direccion,telefono,correo,NIT
1,Mrs. Melissa Anderson,15247 Kenneth Spurs Paigebury  TX 90726,4453155803,dgarza@example.com,1899903375
2,Marcus Logan,1975 Jacob Cliffs Apt. 010 North Jimmy  PW 43508,+1-382-382-1937x535,hugheswilliam@example.com,6699312555
3,Evelyn Wise,3544 Jones Station Apt. 679 Victoriatown  AS 37091,+1-341-466-2711,michaelwatson@example.net,1559370657
4,Morgan Hernandez,91131 Jennifer Viaduct Mercedesberg  MP 72654,2405289610,jessica33@example.org,2504631318
5,Joshua Mcdonald,96703 Martinez Crescent Suite 444 South Bradleyport  HI 68896,001-745-299-0230x846,xstevens@example.org,1201920607
6,Taylor Martin,9233 Allen Ramp Williamshire  MS 75264,+1-771-245-5697x6412,harold96@example.com,6563668220
7,Brandon Holt,6413 Kristine Center Evansport  AS 81456,001-573-322-3745x3937,nicole20@example.com,9403499193
8,Joseph Oneill,1503 Hoover Squares Apt. 749 Lake Matthew  AL 64849,430.686.0721x429,myersbreanna@example.net,7645430818
9,James Reyes,366 Mcmahon Crossing Paulfurt  MH 95609,+1-850-762-7203x835,edwardmarshall@example.net,5448253325
10,David Vance,037 Ochoa Extension Suite 884 East Jaimemouth  TX 36440,842.607.2099,lruiz@example.org,1472436908
11,Ariana Johnson,689 Jeffrey Rue Apt. 673 North James  PW 30495,(961)408-9855x20631,gellis@example.org,1915662356
12,Jennifer Burton,90129 Jerry Brooks East Andrea  UT 25237,2604005766,floresbrandy@example.com,7161171109
13,Diane Conley,49691 Smith Prairie New John  KS 95359,453-482-8806,christopher21@example.org,1042769400
14,Sarah Villanueva,7302 Jeremy Lane Apt. 142 Vargasborough  NJ 32840,493.608.1255x47564,silvarhonda@example.net,4156258234
15,Ryan Jackson,USS Stevens FPO AE 44609,509-694-8952,nmorrow@example.net,2209556550
16,Amber Martin,73892 Willis Locks Clarkberg  OK 13526,697-698-6365,mitchelldavid@example.org,4936232522
17,Tiffany Molina,8739 Matthew Rapid Cobbfurt  NM 48558,675-950-8974x0178,travismichael@example.net,2472800353
18,Dawn Brown,829 Christian Roads East Bradleyview  DE 70068,509-665-1345x00359,rmoore@example.net,1517396629
19,George Carlson,83004 Michael Springs Hoodview  VI 87302,392.519.6910x39700,christopher14@example.net,6838125511
20,Jennifer White,945 James Lane Suite 015 Rittertown  WI 42922,976-257-5140,clee@example.net,9279017215
21,Anthony Michael DDS,30586 James Mountains Suite 724 Aaronshire  SD 00707,200-643-8379x825,edwardssandra@example.net,4008389791
22,Kurt Thomas,12950 Wilson Port Apt. 801 Mooretown  GU 02650,938-272-5260x930,amandaturner@example.org,3050795230
23,Linda Gonzalez,08391 James Mews South Jennifer  MN 51950,578-396-4013,princeamber@example.net,3987462692
24,Roger Larson,877 Christopher Alley New Patrick  MP 40054,999-819-9588x638,xbrown@example.com,9239830481
25,Mitchell Davis,4348 Mcintosh Cliff Apt. 041 Estradaborough  NH 30360,628-229-9631x6605,xphillips@example.com,2254542658
26,Alicia Andrews,7007 Mcknight Shore Apt. 925 Allisonberg  AS 14733,+1-854-340-3672,mreese@example.net,5914365342
27,Elizabeth Lee,021 Amy Canyon Lake Jessicaport  DE 97034,(352)813-1453x7173,duarteryan@example.com,8455206148
28,Andrew Peterson,74022 Patterson Mission Apt. 267 South Jessica  MP 64624,763-761-4422x638,justinnolan@example.org,3822756462
29,Kenneth Guerrero,64819 Connie Road New Sherrytown  CO 51278,(699)826-7694,angela78@example.net,1224817657
30,Heather Thomas,PSC 3159  Box 3273 APO AA 75958,414.383.2927x355,brandon29@example.net,9815983449
31,Kristen Gonzales,4937 Nancy Rapids Suite 937 East Stephaniefort  MP 02084,+1-235-894-9074,michael80@example.org,6635037834
32,James Mora,72616 Michael Centers Lauraborough  IA 37684,001-686-607-5390x337,lewisangela@example.org,8113280498
33,Terri Brown,39035 Munoz Via Jeremytown  OR 64876,001-610-713-0015x6848,kaufmanerin@example.net,1356264131
34,Aaron Garcia,5115 Taylor Path Michelleside  IL 02152,648.205.8948x06478,mariotorres@example.org,2788302918
35,Mark Archer,1905 Cassandra Meadows Suite 891 Lewismouth  NJ 30086,711-619-3172,jonathanmartinez@example.com,5800728967
36,Brandon Barber,40957 Brian Expressway Hayesport  KS 03112,(922)638-2010x2372,sgomez@example.org,5046980030
37,Casey Frazier,759 Anthony Brooks Port Felicia  ME 95795,626.364.3452x19895,taylordebbie@example.org,3349515521
38,Richard Hays,117 Hall Springs East Kiarashire  NY 32715,848.918.5459,williamsjoseph@example.com,9060909734
39,Ricardo Taylor,PSC 9325  Box 4790 APO AA 58300,001-950-974-5482,greeneaaron@example.org,5705953864
40,Tyler Thompson Jr.,90351 Williams Springs Apt. 529 Carterstad  IN 03129,+1-985-832-5460x83756,briankline@example.com,1743585068
41,William Crosby,Unit 4735 Box 6587 DPO AA 49160,479.350.0604x6970,harrellstephen@example.net,4210239052
42,Gary Evans,648 Kelley Mount North Derrickmouth  WA 98544,600.239.3122,nicholsrobert@example.org,3833964916
43,Briana Garner,68264 Williams Forges North Alyssa  HI 49323,9444473837,john59@example.com,8008879791
44,Katherine Malone,02672 Jennifer Extensions Ericfurt  FL 65472,3252678061,pburton@example.net,2055918243
45,Kyle Sandoval,033 Lindsay Passage Suite 009 Yatesfort  RI 73701,001-365-795-1461x211,emullins@example.org,2547720006
46,Gregory Johnston,497 Gary Dale Thomasmouth  GU 90642,(508)799-0523x6034,christopher78@example.net,9837329947
47,Brian Martin,66021 Johnson Island Apt. 126 Jessicafurt  AK 63387,991-504-6507x1028,pinedasharon@example.org,6462143579
48,Timothy Reyes,USCGC Schmidt FPO AA 98288,(429)848-2373,alanschultz@example.net,9022500995
49,Erica Jimenez MD,41533 Brown Trace Apt. 794 East Virginiachester  GA 87456,(312)470-2347,rdaniels@example.org,6956967151
50,Charles Jackson,8123 Fowler Lodge Apt. 538 Mendozaville  KY 75248,001-933-965-7169x6915,vmitchell@example.org,3109171116
51,Timothy Sullivan,Unit 4217 Box 7265 DPO AE 76707,(444)378-4496,scottowen@example.net,9654206565
52,Donald Long,3579 April Harbors South Courtneymouth  VA 35225,3737826692,perezbrian@example.org,3754125925
53,Morgan Reynolds,60535 Chandler Landing Port James  FM 66332,001-983-526-4082x46425,seth56@example.net,9314881579
54,Daniel Cox,7893 Wagner Ferry Apt. 435 Port Robert  IL 09760,001-605-316-4805x63252,bwhite@example.net,7165372995
55,Shannon Sanchez,508 Kennedy Ranch Port Tara  MO 45525,4636061818,brandi18@example.org,9945416059
56,Shannon Kaiser,49928 Smith Curve Port Mariomouth  ME 72814,2214390327,carol95@example.org,2494986129
57,Robert Fischer,538 Williams Harbors Apt. 595 Thorntonbury  ID 99892,9462583415,brandibridges@example.com,2264530404
58,Sara Shaw,486 Smith Groves North Stacy  MS 09407,(853)365-9686x921,kyledalton@example.org,3735455574
59,Cody Patterson,6152 Newman Passage Apt. 077 Port Meganburgh  NM 05908,885.501.0312x519,hpaul@example.com,4537539110
60,Kristina Griffin,139 Anthony Grove Port Kelseyland  AZ 00925,235.384.0224,rhondahiggins@example.net,9303879735
61,Thomas Mitchell,8150 Jay Circles Suite 115 Bensonborough  MS 14025,754-393-8071,warrenstephanie@example.com,8492022264
62,Brian Baldwin,473 Julie Mall Apt. 304 West Ryan  MH 85841,8308255385,camacholarry@example.net,1314409242
63,Mark Gibson,0714 Jason Meadows Port Cassandra  FL 41019,739.300.3912x28957,ztaylor@example.net,1878190049
64,Mary Shaw,5813 Gloria Ramp Apt. 435 Curryberg  AR 45684,+1-732-914-3587,leslie46@example.com,5615721958
65,David Moore,5936 Tyler Drives Apt. 724 West Kevin  CT 94373,669.406.1754x95534,rachelrobinson@example.com,2975468289
66,Benjamin Hamilton,8174 Moss Station Suite 261 Lake Jennifer  IN 24129,735.711.9301,kgraves@example.com,7325512237
67,Todd Brown,06157 Davis Freeway Apt. 025 West David  VA 12799,001-380-263-7057x5528,bthomas@example.com,4500648607
68,Emily Gibson,752 Margaret Creek Apt. 161 Michellestad  IN 33631,664-357-7877x776,burnsallen@example.net,8270553372
69,Johnny Hudson,315 Robinson Parkways Suite 134 Port Nicolemouth  DE 77765,(701)862-4013x932,cooperjeffrey@example.com,5812845915
70,Meagan Lopez,88405 Chloe Walk Suite 407 North Lucas  NE 35858,754.660.0507x8905,rebeccalang@example.net,1123381946
71,Denise Curry,904 Jesus Light Apt. 561 North Evanport  DC 79012,240.917.2072x063,mcdanielamber@example.com,5254814928
72,Christopher Rodriguez,734 Myers Meadows New Brian  SD 29110,794.738.7658x709,paynejoshua@example.com,2212916605
73,Daniel Phillips,769 Robert Plains Apt. 418 Dixonshire  FL 38148,491-930-9425x5520,traceyfletcher@example.org,6963183288
74,Eric Stevens,32827 Wood Harbor West Jennifer  IN 68975,(485)942-3851,vasquezchristina@example.net,8072074202
75,Darrell Espinoza,83424 Webb Overpass Apt. 566 North Melissahaven  IA 68655,999-895-6803x2557,nicholsonjessica@example.net,2040369092
76,William Kelley,15038 Brown Squares Morrisonmouth  IA 51012,545.543.0250x02649,jamesstacy@example.net,2363955637
77,Justin Johnson,USNS Hopkins FPO AP 66079,+1-464-925-0434x8315,gatestony@example.net,6200398409
78,Nancy Fleming,9693 Roman Cape Apt. 244 South Travis  WA 12166,815-837-0392,afitzgerald@example.net,8779546515
79,Juan Bryant,4031 Kevin Union Apt. 740 Port Laura  CO 68754,001-218-219-9105,jamie81@example.net,7146129641
80,Richard Roberts,Unit 6902 Box 1177 DPO AA 86834,970.798.0834,pyork@example.net,5571518634
81,Raymond Galvan,2287 Sally Unions New Andrew  WA 34596,(501)225-1758x5617,changchristine@example.com,9653166726
82,Shawn Dickson,6467 Robert Field Lesliestad  MP 13857,+1-936-274-6288,danielle87@example.net,7191271177
83,Jacqueline Williams,9564 Brian Corner Apt. 498 Anthonyshire  TN 68697,720.989.2516x5341,mitchellthomas@example.org,2485339431
84,Jonathan Young,3849 Mann Oval South Troy  GU 82824,001-929-310-3008,kevin46@example.net,1739997556
85,Douglas Howard,11463 Stacie Station Huntton  GA 36492,001-979-396-1235x892,nancymorales@example.org,7738284071
86,Nathan Roberts,9749 Eaton Trace West Timfort  WV 38546,001-567-621-3662x5612,ryoung@example.com,4341925740
87,Michael Smith,59648 Tim Via Lake Michael  GU 48897,718.510.3177,johnsoncheryl@example.com,7304180737
88,John Jones,319 Dawn Throughway Apt. 334 West Cherylstad  NV 94789,309.592.5426,peterssabrina@example.com,8513647048
89,James Hayes,0127 Watts Drive South Derekton  WI 63353,658.469.0641x261,olivia73@example.org,5049816103
90,Anthony Mills,3328 Olsen Lodge Suite 179 Lake Jill  AR 07543,+1-230-944-6018x76991,jasmineclark@example.net,9173871166
91,Jason Richards,USS Johnson FPO AP 86473,+1-888-317-5558x823,tleon@example.org,5897934435
92,Dr. Jessica Mills,94727 Hutchinson Junctions Baileymouth  PA 88968,(531)898-3385x952,mooresteven@example.com,8298946309
93,Joshua Miller,8127 Jones Gateway Mariatown  MN 23598,4689328902,wbarron@example.org,1790964194
94,Jasmin Lane,3736 Dawn Roads Lake Adam  CO 92366,001-855-268-0671x9616,rsheppard@example.net,4305447989
95,Jennifer Jordan,38575 Green Falls Suite 364 Brianview  VA 66238,425.421.4229x81667,idavis@example.org,3064403864
96,Matthew Chandler,USCGC Hansen FPO AP 73755,373-794-0448x479,jsmith@example.org,1433977467
97,Jill Cobb,251 Santiago Street Lake Jared  ID 42892,944.666.7172x740,tspencer@example.net,2167613210
98,Lauren Jackson,7840 Sullivan Forks Allenchester  CA 75208,(939)381-8551,christinebell@example.org,1413044179
99,Justin Griffin,2529 Ricardo Place Suite 286 Lake Thomasberg  IN 75797,2835365012,sarah92@example.com,3158306930
100,Jamie Summers,09163 Martinez Islands Suite 907 Adamville  RI 75157,001-756-595-3853x742,ukennedy@example.net,5558110533
101,Jessica Ellis,4321 Stacy Mountains Cynthiastad  VA 19688,+1-490-850-5659x746,michaelmcclure@example.org,8189419461
102,Nathan Wilson,160 Ibarra Alley East Katherine  PR 06662,+1-491-887-0016x724,jenniferlopez@example.com,2180922572
103,William Delgado,733 Alejandra Square South Melissamouth  WV 77924,640-276-7978,roberthorne@example.org,6720872298
104,Jeff Lester,2017 Patrick Tunnel West Christopherhaven  AR 70239,+1-608-944-9433x928,patricia18@example.com,3036928604
105,Gary Powers,724 Samuel Village Apt. 263 Williamston  NY 01844,+1-239-298-4574x71509,eddie84@example.com,8634223727
106,Erin Olson,5114 Edwards Mills Apt. 015 Carolshire  KS 96204,(308)509-2498,awright@example.org,9286333983
107,Jared Thompson,PSC 0591  Box 9440 APO AA 03201,001-911-420-4278x717,ronald96@example.org,1198649947
108,Richard Phelps,765 Burnett Rue Navarroshire  NH 14713,587-623-3501x4230,harrisgregg@example.com,6087886436
109,Joseph Sanders,Unit 2057 Box 2810 DPO AE 71558,511.711.4079x243,derrick33@example.net,5740395628
110,Krista Patel,911 Atkins Lake Apt. 092 South John  VA 47824,594-800-6877,ryanwilliams@example.org,3082694962
111,Nicholas Nichols,17773 Erica Station East Linda  NM 41292,(778)882-2487x35129,cbrown@example.com,3375421871
112,Julie Todd,1982 Gray Flats Port Susan  MS 80919,273-378-5684x83809,samanthamartin@example.org,8229823995
113,Isabella Flowers,938 Jesse Islands Suite 403 Marshallberg  WI 08510,+1-369-596-9571x6837,isolomon@example.com,5127180580
114,Kelsey Vega,72491 Brewer Camp West Harry  CT 85266,001-624-263-1536x523,fisherjeremy@example.net,6877718697
115,Deanna Carr,4261 Derrick Springs Andreaborough  PA 54519,442-511-2981x38615,rachel68@example.com,8348930231
116,Courtney Farmer,030 Haynes Club Joneschester  MP 46733,+1-408-323-5338x391,julieolsen@example.com,8332231633
117,Paul Davis,518 Tommy Trail North Seanville  GA 75483,001-709-219-8852x03471,uneal@example.org,4445610120
118,Dale Santana,9386 Stuart Vista Suite 160 Kellertown  AR 14003,+1-981-970-1453x77455,yharvey@example.net,9805310373
119,Victor Hines,Unit 5468 Box 5615 DPO AE 44801,+1-394-238-7725x02446,powellpatrick@example.com,4751166880
120,Michael Thomas,4585 Nancy Rue Bakerburgh  VI 23189,(296)944-5476x0555,collinsmichelle@example.com,2317154870
121,Heather Howard,USNS Reynolds FPO AA 47531,896.275.6971x13784,craigwilliams@example.net,1858924934
122,Ricky Thompson,080 Ashley Pass Suite 652 Lake Jenniferfort  NE 63153,001-666-246-3533x6308,tyler18@example.org,1596281676
123,Natasha Moore,300 Bowers Place South Douglaston  PA 49279,(767)208-4240,hoganapril@example.org,7993815078
124,Nathan Shah,25153 Mcdowell Mount Port Jessica  PR 36432,(402)591-4528,anthony40@example.net,3898302510
125,Michael Hensley,17567 Lisa Stravenue Danielville  AR 39523,001-205-279-2397x01939,jacksonana@example.com,9128999287
126,Eric Martinez,0287 Dustin Meadows Kennedyshire  NM 82624,001-456-246-1957x292,jenniferruiz@example.com,4978112809
127,Denise Collins,29020 Danielle Circles Apt. 408 Port Jerry  FM 08219,984-369-8925x794,garrettelliott@example.org,3397694807
128,David Morse,496 Preston Flat Lake Mariachester  ME 27813,(864)579-5821x2434,christopherjacobs@example.net,6568004169
129,Jesus Black,42268 Amanda Brook Apt. 354 New Jasonbury  MO 36241,3223419104,jennymiller@example.com,4550226010
130,Mrs. Stacy Webb MD,6601 Carl Tunnel Suite 721 North Thomas  ND 99187,5604805964,brandicobb@example.net,4936939696
131,Maxwell Young,5078 Susan Manor West Angela  AL 74914,882.995.9743,maykimberly@example.net,6120978049
132,Zachary Waters,185 Donald Mountain Apt. 838 North Jimmy  VT 71007,(627)907-1637,fdaniel@example.net,4891038895
133,Joshua Lang,1366 Frazier Islands Suite 328 West Amyside  RI 72172,(982)740-8838x0230,michaelcortez@example.net,8086347713
134,Richard Mitchell,469 Melinda Shoal Juliehaven  WV 04000,+1-511-528-3452,khanson@example.com,2192119690
135,Caleb Phillips,30367 Clayton Cliff Lake Morgan  MN 11262,5458790474,cholt@example.com,3985647656
136,George Williamson,USS Coleman FPO AE 68113,+1-374-911-7043x919,torresdonna@example.org,3977694456
137,Lisa Gray,7624 Christopher Locks Grimesberg  NV 80233,001-276-988-0395x9605,luisjohnson@example.net,2417142201
138,James Lee,5380 Bond Springs Apt. 035 North Robertland  MS 61303,+1-994-411-2494x4413,xalvarez@example.org,8032145452
139,Sandra Greer,205 Olivia Tunnel West Williamport  KS 38909,001-501-300-4783x4475,teresarobinson@example.org,7381946558
140,Juan Carey,329 Jimenez Ridges Apt. 437 Kylechester  AL 37219,001-550-739-5081x4531,michellesmith@example.org,1094811651
141,James Medina,13935 Kristen Center Apt. 805 New Casey  WA 31772,5143936000,zachary95@example.org,8847323267
142,Megan Blackburn,887 David Viaduct Port Thomasburgh  MA 01772,001-494-815-2018x3857,christian03@example.net,1870171941
143,Amy Cohen,8563 Wu Green Apt. 905 Rossberg  KY 52074,398.388.9831x45865,jennifer07@example.org,3866098689
144,James Hamilton,38457 Parker Village Suite 100 New Cherylside  WI 32598,001-852-797-6115x88580,zwilliams@example.net,2000647744
145,Justin Harper,91184 Gabriel Parkways Apt. 459 Evansburgh  UT 09017,001-347-859-1930,kelseylevy@example.com,8125574124
146,Bryan Williams,95120 Morgan Shoals Suite 967 Lake Danielberg  MS 58122,(422)793-6583,fwilliams@example.com,3885529859
147,Shelly White,19740 Ross Roads Suite 473 South Dawn  ID 58994,277.418.7703,castillodavid@example.net,5341464630
148,Melissa Cox,1911 Lori Orchard West Cynthia  NJ 87857,(492)599-9147,rachelsmith@example.com,8576850268
149,Lance Carter,PSC 8606  Box 8203 APO AP 26513,001-656-872-4726x0565,melissamcdaniel@example.org,6895501870
150,Stacey Smith,53561 Chung Squares Suite 834 North Andreafurt  TX 05503,6136270966,waynelong@example.com,1539961323
151,Amanda Johnson,13825 Hill Junctions Port Peterchester  KS 37143,944-737-1268x92478,martinezjennifer@example.net,1109673458
152,Michael Jones,0930 Griffin Club Suite 432 Lake Linda  IN 70518,(212)717-6900x15864,ninaherman@example.net,2637495772
153,Tammy Walker,7861 Castillo Radial Courtneymouth  NC 45100,660-916-1527x9538,julierobles@example.org,8607209292
154,Allison Salinas,8150 Tanner Isle Jamesstad  MN 82918,216.481.2758x6756,laurenbell@example.com,8434716206
155,Rachel Nichols,0977 Williams Streets Jessicastad  HI 70152,832.879.5094,ashleyfleming@example.net,4962181306
156,Brady Kelley,7077 Chambers Oval Suite 929 Port Alexander  OR 85233,+1-518-450-7248x362,reeveschristopher@example.net,3016891618
157,Brett Johnson,048 Derek Mountains Apt. 685 Teresaville  OK 95404,(617)434-2734,upatrick@example.com,4406477135
158,Sydney Carr,3539 Sanchez Wall Suite 512 South Christopherville  MO 47768,(858)420-0349,damon69@example.net,9344075376
159,Aaron Horne,8209 Long Hollow Apt. 429 East Dorothy  VA 95711,394.447.5673x15481,davidsonmichael@example.org,1988000887
160,Christopher Mills,36310 Jackson Causeway Suite 961 North Marcstad  KS 17730,240.656.3745,zbeck@example.net,2370574366
161,Stephanie Santiago,3000 Paul Villages Catherineview  OH 91434,(243)815-5996,cummingsaaron@example.org,8600524217
162,Allison Chambers,15513 Peters Dam Nicholasside  VI 14130,(744)373-3849x2211,patriciasandoval@example.com,5773922621
163,Sarah Thomas,13908 Kristin Canyon Apt. 668 Larrychester  CO 88481,001-427-576-2667x4892,ibeard@example.net,1456949564
164,Edwin Rollins,PSC 0247  Box 5889 APO AE 26656,7724555286,desiree51@example.net,6787949733
165,Thomas Edwards,26708 Daniel Pine Jillside  ND 41405,+1-355-311-5733x10725,samanthasanchez@example.com,7299744833
166,Jessica Ward,137 Ray Wall Port Christian  WV 02741,+1-936-401-5218x852,cindy92@example.com,1291316799
167,Jeffrey Sullivan,84585 Brown Coves North Daniel  MS 34312,+1-878-339-8536x3304,egonzales@example.net,3251762200
168,Elizabeth Barton,400 Kristina Glens West Laura  NJ 68639,550.560.7577x649,rayrita@example.net,8146956665
169,Curtis Moore,44337 Potts Bypass Huynhchester  PR 38757,+1-683-353-5558,xortiz@example.net,3168637941
170,Christopher Lee,PSC 4078  Box 7886 APO AA 58588,797.744.8907,swelch@example.org,7883671477
171,Kaylee Gonzalez,91883 Freeman Mount Apt. 003 Kingmouth  IL 44054,668-390-5631,spearsjames@example.org,5185958642
172,Leslie Mathis,4031 Hardy Station Brandyport  AR 06235,+1-204-759-9395x353,kenneth37@example.net,4794623875
173,Jacob Alvarado,0860 Donna Islands East Dale  NE 70174,664-926-6517x152,dalewilcox@example.org,7735573230
174,Makayla Nunez,94765 Davis Isle Danielville  SD 03483,891.426.0444x057,davisjoy@example.com,7269097529
175,Dana Holland,98343 Vincent Rue Apt. 767 Tiffanyside  VI 68105,001-400-619-3931x1499,michaelroman@example.net,3569501659
176,Mrs. Anita Pierce,2378 Amanda Canyon Suite 773 Harrellmouth  PR 36152,001-967-660-9379x4265,matthew88@example.org,5633152031
177,Sarah Lopez,PSC 6976  Box 2984 APO AP 10840,001-985-861-0240x5054,brookeschmitt@example.org,6660400301
178,Alexandria Adams,8926 Reed Plains Suite 231 Adamstown  KY 81846,493.605.9240,williammartin@example.org,8576097380
179,Tony Perry,6751 William Plain Miketon  IA 35437,(662)829-5228x318,eric85@example.com,3211049719
180,Douglas Dillon,150 Graham Lodge Apt. 609 South Andreastad  GA 08431,(401)207-1471x198,marie03@example.com,1931185928
181,Courtney Frey,04199 Singh Mill New Jamiechester  DE 30262,(536)428-4153x379,vhernandez@example.net,4116308953
182,Christina Andrews,23850 Dudley Groves Lake Michaelfurt  TN 86657,842.498.9890,christopher84@example.com,2602242943
183,Brian Long,09440 Bernard Shoal Lake Kyleville  DC 49628,550-213-0274,rsims@example.com,9066357606
184,Andrea Morris,571 Stephanie Coves Teresachester  UT 01074,001-728-758-0580x165,morganalexander@example.net,4518086055
185,Ian Rivera,1261 Peterson Mills Perezstad  OH 19289,+1-353-426-2042x11494,qgutierrez@example.org,5789945393
186,Alexander Adams,796 Simmons Forest Apt. 913 Jamesville  OK 89034,2725097843,kellylawrence@example.org,3777495501
187,Frank Webb,2698 Vicki Ferry North Eric  TX 53700,378.329.2543,achandler@example.org,2847185508
188,Jose Smith,2355 James Isle Suite 192 Davidberg  LA 12724,001-988-230-3952,jenniferbrooks@example.com,8510393471
189,Susan Crawford,6354 Taylor Divide South Tammietown  DC 84554,956-894-6389,garzamonique@example.org,6271060423
190,April Keller,630 Frances Trafficway Reyesland  OR 73376,276.265.6518x961,timothy03@example.net,2887631974
191,Lauren Klein,696 Brittany Glens Apt. 510 Port Kellyland  SD 66434,001-952-633-9988x675,whitecheryl@example.com,5458310103
192,Stacy Crawford,1092 Brown Unions Suite 225 Wangmouth  MA 64900,+1-406-778-4410x787,lvaughn@example.net,7649272971
193,Debra Harris,6523 Brooks Cliffs Apt. 483 Hudsonberg  AR 11127,5969225450,james23@example.org,7386728813
194,Steve Mckinney,385 Matthew Junction Suite 252 Kellyfort  NE 40893,(419)337-9740x242,elizabeth04@example.net,4081546409
195,Larry Green,5007 Gary Parkways Robertsberg  VI 14507,679.230.1483x84453,kperry@example.net,7144463448
196,John Obrien,61573 Stone Parkway Suite 350 Nathanland  OH 05138,526.961.5217,jason56@example.org,8565757957
197,Christopher Glenn,6057 Brandy Meadow Apt. 591 Owensfurt  NY 03484,663-842-2741,jonathanalvarado@example.com,1365097088
198,Mrs. Stacy Hart,61320 Nicholas Greens Apt. 921 Mitchellburgh  SC 57914,6816894258,stevensmichael@example.com,2260325262
199,Billy Cobb,USS Rogers FPO AA 24122,+1-368-595-1099,zhangcynthia@example.net,5884068267
200,Ian Martinez,994 Rush Street Suite 617 Holmesview  ND 34597,001-245-447-8836x816,alexandercole@example.org,6333555738
201,Kathryn Bartlett,PSC 2074  Box 6640 APO AP 11625,001-789-204-8674x2497,mitchelljessica@example.com,3345307801
202,Jon Williams,36290 Gutierrez Freeway Suite 685 Vargaston  HI 78099,568.440.6088,ymckinney@example.net,1884451129
203,Alan Bennett,4382 Velasquez Extension East Michael  MN 01216,350.269.9812,kerri63@example.net,7303914370
204,Andrew Christensen,510 Obrien Crest Apt. 151 Patriciaborough  KY 63902,515-393-3050x616,josedaniels@example.org,4934914328
205,John Nixon,67541 Stephens Keys West Ericshire  HI 51821,(416)290-3214,angela28@example.com,9405221221
206,Erika Jackson,2791 Mary Dam Suite 284 South Robertfurt  NE 41375,(452)831-0173,kdavis@example.org,7494669295
207,Jason Reyes,PSC 7460  Box 9043 APO AE 15869,647.680.2021x023,nancy24@example.org,8439422061
208,Gina Contreras,936 Moore Mountains Shawfort  OK 27145,(856)937-2571,maureen85@example.org,4182690633
209,Robert Casey,905 Garcia Prairie Smithport  AL 19441,+1-541-791-6319,lesliesmith@example.net,1800635654
210,Brian Cook,58583 Thompson Gateway Lefort  MI 02408,443-560-7870x10314,melinda23@example.com,5749824596
211,John Rhodes,10119 Kimberly Plain Apt. 983 South Alexandrabury  SC 39694,001-283-257-6032x465,johnsonjeffrey@example.org,6342701904
212,Carmen Holden,216 Russell Radial Orozcofurt  VA 17098,559.257.9698x5789,gardnerbeth@example.net,4114013387
213,Maria Riley,2075 Bowman Green South Janiceton  OR 06223,357-340-3174x662,hunter06@example.org,5882210715
214,Tamara Salinas,4849 Matthews Fork Dakotaport  IL 22380,209-371-4683,cristina82@example.net,4529215641
215,Michael Schmidt,335 Mahoney Fall Apt. 421 Jamesburgh  CT 97543,902.525.8003x01146,rebeccacohen@example.org,9792040026
216,Pamela Mills,10312 Knight Port South Amy  AZ 65794,558-839-3612x5990,ashleywilliams@example.com,8994399340
217,Carlos Stone,PSC 0389  Box 4482 APO AA 46514,+1-899-589-0428x5315,patrick21@example.org,4347751205
218,Andre Lee,95511 Watson Stream Apt. 923 Port Jerryborough  OR 96232,+1-343-767-9377x9205,nicole22@example.com,7786171756
219,Derek Franklin,6402 Todd Way Apt. 908 Lake Roger  SC 44285,(863)757-6592,owenspatricia@example.com,1021259251
220,Heather Johnson,803 Fuentes Lake Apt. 401 North Nicholasmouth  NE 95917,+1-290-676-3891x127,delacruzdaniel@example.org,4611608553
221,Elizabeth Rodriguez,40974 Alan Mills Apt. 570 Phillipsmouth  WY 72154,487.496.6094x604,ashley31@example.net,8652354073
222,Tamara Larson,5334 Ronald Mission Suite 956 Lake Cathy  OR 27739,(676)298-8300,jonesjared@example.com,5249528608
223,Hannah Schaefer,81975 Wilson Circle Suite 228 Williamsfurt  NJ 75624,+1-780-227-7901x452,jessica32@example.com,6337069761
224,Stephanie Myers,8977 Clark Circle Suite 437 South Linda  WA 08633,+1-567-351-5475x736,robbinsmegan@example.net,5899193685
225,Lindsey Benson,Unit 5479 Box 6378 DPO AA 45841,(448)713-2189x3524,cherylhernandez@example.net,3588413051
226,Michael Reyes,07967 Vargas Highway New Franciscotown  KS 70737,001-868-843-3953,jacquelinemarquez@example.com,5946158996
227,Paul Higgins,3170 Mckenzie Camp Apt. 096 Smithfort  CO 32155,(668)570-3102x5069,mary25@example.org,9930491045
228,Melinda Graves,3813 Laura Drives Suite 566 East Victoriatown  DC 12666,001-845-430-9946x6795,ucastillo@example.com,4943824619
229,Krystal Porter,0557 Huang Club Thomasberg  MT 39713,001-708-829-7635x214,ucurtis@example.org,2341588975
230,Robert Mcfarland,953 Joseph Via Apt. 325 Taylorbury  ID 37832,281.883.9420,rmorris@example.org,4302764127
231,Katelyn Shields,USCGC Bell FPO AE 80967,(314)256-8637x502,ibeck@example.org,7808297243
232,Lindsay Tapia,86301 Guerrero Drive Suite 204 Terrystad  MA 73605,5395221622,phillip03@example.org,7941191578
233,Brian Hanna,USS Sullivan FPO AE 18344,001-225-302-0983x264,lynchchristopher@example.net,3267546951
234,Heather Alexander,42922 Felicia Loaf East Cathy  MD 27375,+1-281-853-3534x0385,pauladkins@example.net,5389137752
235,Aaron Phillips,305 Owens Ridge Michaelborough  DC 75563,8085570320,allisonangela@example.org,9922104732
236,Mr. Justin Horton,PSC 9923  Box 6966 APO AE 03039,689-756-1980x1685,boylejason@example.com,6366072136
237,Justin Smith,647 Castillo Ferry Suite 105 North Charles  KY 72707,(240)741-3234,elizabethrodriguez@example.com,3905771258
238,Susan Maynard,1449 Mullins Isle Sandrahaven  PR 18877,903.217.7434x2588,mezajason@example.com,7638428850
239,Devin Brown,745 Wilkinson Plains Maryfurt  MT 01269,001-965-614-2466x483,brendablevins@example.org,8896706802
240,Diana Spears,13192 Jason Camp New Williamton  WV 15430,001-494-963-4846x6404,amy79@example.com,9397521934
241,Kelsey Robinson,943 Steve Forks Suite 007 Burnschester  NY 27693,(464)771-5595,johnsonkristen@example.org,2080972103
242,Kayla Hernandez,144 Jeremy Island Suite 034 Coxton  WI 02904,(426)293-1289,gilbertgregory@example.com,2703506341
243,Dave Duncan,63444 Taylor Stravenue West Dylan  VA 40154,9477808464,cdavis@example.org,3775570161
244,Isabella Kim,7181 Hansen Motorway Suite 098 Greenview  AS 30221,695-666-0128,laura25@example.com,7622032014
245,Earl Poole,71415 Robertson Vista Suite 893 Meganport  DE 95709,(283)601-4827,rachelhunter@example.org,8640372949
246,Sarah Gonzalez,093 Jeffrey Plain North Travis  GA 66827,610.586.9923x2892,timothylucero@example.com,9061424017
247,Charlotte Palmer,3617 Alejandro Extension Sheppardport  MA 26142,(343)809-8198x96534,alexgordon@example.com,9637407233
248,Nathaniel Campbell,PSC 6157  Box 1760 APO AA 91121,001-794-410-2757,davisgerald@example.net,3078487120
249,John Ross,719 Caleb Rapid North Rebeccahaven  OR 45544,961.824.3523x22875,michelle28@example.com,4574575419
250,Dana Rush,7006 Young Shore Apt. 436 Latashahaven  CA 75235,705-239-6239x96774,lewismarie@example.org,1288834780
251,Tiffany Bell,373 Stacey Club Apt. 193 Castroland  CA 31901,+1-815-553-2346x5892,perkinsryan@example.org,2568093470
252,Colton Alexander,0214 Schultz Keys Lake Dustinton  KY 30347,(784)647-5489x921,nicole63@example.net,1617821123
253,Amanda Leonard,USNS Turner FPO AA 62433,203-460-5418x08975,klewis@example.net,6563229900
254,Steven Rodriguez,USS Davidson FPO AE 60425,+1-262-963-2134x9798,garciakelly@example.com,7926760924
255,Jason Cain,1538 Julian Plaza New Samanthaburgh  OK 38218,256-556-8299x2653,mccanndonald@example.org,9118867321
256,Jean Rogers,74850 Amy Trace North Deborahbury  NE 06066,932.455.0336x45043,atownsend@example.com,1901511125
257,Thomas Campbell,383 Brown Light Schneiderstad  NE 96642,553.235.1932x97849,jennifergreene@example.net,7117989630
258,Katherine Harris,8572 Terri Cove Apt. 285 Lake Joseph  MI 40110,+1-258-448-5365x7047,ryan31@example.org,3289085456
259,Emily King,6510 Werner Coves East Teresashire  IA 47817,(313)980-8460,angela41@example.net,6976652874
260,Beverly Hill,237 Francis Spur Apt. 113 North Eric  MI 09681,4979376146,thomasmccarthy@example.com,1131509720
261,Jaclyn Peters,USNV Perez FPO AP 74623,2913499151,jacobperez@example.com,2279749183
262,Matthew Bowen,PSC 5488  Box 1257 APO AP 53419,485-601-6026,ljohnson@example.com,3983875937
263,Jerry Hudson,89381 Derrick Roads Suite 267 Port Kennethview  IA 82716,+1-311-241-4113x34921,annettezhang@example.org,7704774947
264,Mike Fuller,318 Sylvia Place Apt. 369 Trevinochester  AZ 54498,673-936-4443,cole09@example.org,3543239459
265,Kristina Jones,1335 Price Rapids Suite 942 New Sara  WI 98725,629-323-8042,davisjoseph@example.com,6394913714
266,Angela Stanley,344 Valencia Roads Apt. 369 New Robertton  MH 30770,864-278-7374x484,robert08@example.com,7056119597
267,Michael Miller,2037 Megan Estate Apt. 420 East Maryborough  DE 37005,803.745.2908x4308,jacksondanielle@example.net,3735136024
268,Mark Contreras,2203 Reginald Orchard Apt. 150 North Tracy  HI 48356,+1-621-205-3714x879,timothy55@example.net,8208796587
269,Jacqueline Parker,32062 Karen Pine Tateton  DE 03997,575-574-7301,johndunlap@example.org,5347418017
270,Victor Miller,452 Perez Trail Lake Jessicaburgh  AL 86202,7362174814,david27@example.org,8328460363
271,Deborah Wade,375 Scott Views Floreschester  MI 34243,(336)219-6010,williamsjason@example.org,6431663975
272,Lindsey Moore,25562 Michelle Ridge Suite 109 Hardyshire  DC 53214,465.871.1076x2354,davidthomas@example.com,4891221921
273,Eric Brown,Unit 9596 Box 6948 DPO AE 76448,(232)716-4425,ashley60@example.com,9380129494
274,Paul Green,Unit 5474 Box 8177 DPO AP 19531,(877)359-9779,kwagner@example.net,9075647709
275,Michael Jackson,24509 Bailey Forge North James  DE 81952,(998)756-6694,knichols@example.net,5201489191
276,Jesse Keller,PSC 5443  Box 4241 APO AP 02039,8562844998,williamsmichael@example.org,1050013208
277,Jerry Miller,926 Matthew Bypass Apt. 648 Melissaside  FM 25718,592.595.5174x919,paul25@example.com,1926863626
278,April Smith,40223 Spencer Keys Suite 415 Hillshire  MT 91121,712-457-8335x52678,tiffany99@example.net,4165375812
279,Aaron Adams,2905 Anderson Cliff Apt. 730 Ashleychester  MI 12322,(735)776-4944x11800,ogrant@example.com,8617494818
280,William Haney,59432 Bryan Summit Port Jefferyland  PA 21997,925.498.6413x123,patricia96@example.net,1079103747
281,George Winters,21446 Thompson Harbors Suite 425 Andrewsfort  MO 18095,612.589.4455x0198,kleinkyle@example.org,3977216129
282,Wendy Dunn,718 Kathryn Parks Port Thomasstad  DE 87178,591-936-7213,fwest@example.org,2996480275
283,Jeffrey Griffin,USS Watson FPO AP 85584,315-372-5704x10117,xnorman@example.org,8084921161
284,Joseph Alexander,4366 Nicole Highway Suite 793 West Carlshire  DC 43652,(980)200-6786,wandamorris@example.org,9560463510
285,Briana Sanchez,PSC 2173  Box 2221 APO AE 13674,(485)864-0601x09611,lisa77@example.org,9441795472
286,Franklin Carlson,044 King Valleys Apt. 047 Bartonhaven  KS 04564,729-285-4165x0974,maureen01@example.org,8166800219
287,William Murray,436 Joseph Fort Jeremyport  MD 60295,(879)426-7998x7534,tbrown@example.com,1187403100
288,Nathan Taylor,9203 Kathleen Centers Apt. 560 North Sherryfurt  WY 75002,883.970.8067x414,hwhite@example.net,4843902040
289,Christian Flores,33900 Catherine Bridge Apt. 695 Rebeccamouth  AK 80621,533-400-9374x18893,harrisangela@example.net,4970992771
290,Eric Reynolds,4910 Gilmore Wall Port Susan  UT 88804,(995)846-0070,samantha96@example.net,9539179916
291,Barbara Foley,634 Andrew Court North Samanthafurt  KY 38635,001-873-972-1306x36607,aclayton@example.com,3504361011
292,Frank Rogers,799 Robertson Turnpike Suite 228 Port Laurenstad  DC 58181,001-399-603-2117,courtney87@example.com,4959008039
293,Jennifer Gamble,93523 Brent Loaf Apt. 892 West Kelly  ME 49868,001-792-210-4284,hamiltonmonica@example.net,3322886715
294,Shelby Garcia,640 Joseph Springs Apt. 463 Chapmanburgh  CA 36546,+1-265-361-0585,bergmakayla@example.net,1987633193
295,Briana Lynch,195 Lawson Camp Suite 207 Karenside  HI 08482,(288)970-4443,danielturner@example.org,1812943884
296,Paul Weber,010 Christian Canyon West David  ID 38650,424.688.6139x70844,amanda78@example.com,5802759545
297,Andrea Padilla,0802 Escobar Meadow Frankside  IL 53701,962-842-6146x9792,kwilson@example.org,4653276061
298,Christopher Morgan,569 Victoria Highway Suite 928 South Denise  NJ 02493,754-203-1737x31603,anthony07@example.net,9615572221
299,Joseph Hunt,372 Craig Harbors Apt. 181 Port Michael  NE 58989,682-863-0461,kurtfrench@example.com,7831842391
300,Richard Alexander,2290 Thomas Coves Hollyside  AR 75350,(507)492-7498x62801,matthew65@example.com,7038037929
301,Nicholas Griffin,5497 Hill Mission South Matthew  FL 64858,+1-281-766-2394x4965,nlang@example.com,1769180960
302,Monica Warren,13507 Ortiz Greens Valenzuelastad  NH 55176,+1-772-957-3555x755,reedgary@example.org,4173084116
303,Jonathan Miles,23851 Monica Row Suite 361 East Alexa  NE 30624,(583)545-9850x364,joneskathy@example.net,3755920667
304,David Russell DDS,230 Vaughn Parkway Suite 241 South Donnaview  WI 32848,001-394-869-1445x625,ginaholland@example.org,4086099526
305,Kenneth Newman,201 Bradford Route Apt. 513 Lorichester  CT 34606,(503)972-4944,marybutler@example.com,5588672474
306,Tiffany Murray,29284 Rivas Trace New Kyleport  MN 96638,+1-830-492-9156x96013,luis17@example.org,8300114372
307,Kristy Andrews,5696 Watkins Overpass Reidton  NC 29369,(335)634-1026,jwilliams@example.net,6213254558
308,Bradley Snyder,5990 Williams Forge Apt. 428 West Mikeport  AL 31008,(443)216-3315x728,hensleykenneth@example.org,2750807964
309,Jeffrey Knight,27354 Ibarra Loop Port Kelliport  WY 10182,001-913-575-5806x8953,jacobhouston@example.com,1755959097
310,Lisa Taylor,4591 Pamela Forge Suite 797 West Marissa  PR 62873,990.916.0878x576,charlesrichardson@example.net,7680814799
311,Daniel Lucas,86001 Martin Centers Suite 546 North Jamie  WV 57006,(336)275-6012,kmiller@example.net,7721731915
312,Pamela Armstrong,2761 Hoffman Falls Smithburgh  KS 73655,(833)227-7736,ahill@example.net,5345981098
313,Kathleen Henderson,4318 Curtis Burg Lynchberg  PA 88146,+1-953-654-4994x4796,lindsey69@example.net,3467505936
314,Lisa Gill,24396 Ray Mount Suite 625 Mathisport  AZ 67292,001-853-474-2990x8591,ujohns@example.net,5438895236
315,Taylor Anderson,850 Castillo Mission Berryhaven  FL 73105,(749)538-6060,ycooper@example.org,8575486058
316,Heather Mills,371 Woodward Via Shawnfurt  CT 70759,001-503-512-1978,paigedavis@example.net,4688721890
317,Timothy Mckee,328 Henderson Bridge Elizabethfort  MT 79363,+1-628-824-0329,benjamin48@example.com,7943939315
318,Cynthia Ritter,092 Logan Overpass Bradberg  IL 20818,(678)433-7592x943,robertjohnson@example.net,6313682307
319,Kendra Hernandez,590 Burns Pass Apt. 683 Angelaberg  AR 37737,+1-857-518-4560x9648,coopermelissa@example.com,4779480627
320,Paul Hernandez,67911 Corey Ridge Apt. 514 Christophermouth  IA 74047,2214368255,patrick87@example.org,7077308200
321,Crystal Mueller,506 Robert Glen Debrabury  WI 30464,+1-226-395-7446x289,amber92@example.com,9259818467
322,Sue Hall,119 Estes Locks Suite 202 Watkinsstad  FM 16126,001-236-692-4390x4646,pvalencia@example.com,8436224343
323,James Weber,Unit 0989 Box 2602 DPO AP 64595,+1-461-388-3622x355,paulroberts@example.com,8369011158
324,Justin Taylor,PSC 3859  Box 8436 APO AE 16055,+1-454-485-8503x124,cjohnson@example.net,5647090434
325,Kimberly Fletcher,12935 Richard Gardens Suite 028 Alvarezland  FL 20789,982-904-7029,kmartinez@example.com,7530374108
326,Paula Riley,PSC 2646  Box 8904 APO AP 08121,433.372.6644,anthonymann@example.com,9011542262
327,John Moody,343 Lopez Coves East Brian  FL 17327,283-565-9324x6822,sshort@example.net,7987083991
328,Jamie Barnes,90342 Aaron View Suite 922 Kristitown  FL 82510,373-209-5105,bobsnyder@example.com,8205252646
329,Brad Parks,79914 Holt Row Lake Meganburgh  MP 30721,(911)590-7589x7960,rwilliams@example.net,5792778341
330,Tammy Smith,36164 Katherine Valleys Suite 180 Lake Kevin  KY 06939,(443)650-9497,duncanchristina@example.net,7538801045
331,David Marshall,96730 Huerta Haven Suite 190 New Tyroneville  AZ 58604,892.584.8793,kathleen85@example.com,3071686274
332,Samuel Sanchez,1900 Gloria Rest Marshstad  AK 37246,(248)225-5920x5978,vjenkins@example.com,9351194759
333,Bradley Soto,USNV Hanson FPO AP 75006,(824)731-7648x8148,littleraymond@example.net,3977105147
334,Jose Diaz,7811 Sheri Meadows Suite 928 New Joetown  WY 65717,217-295-6742,singhalec@example.org,7195910994
335,Ashley Haynes,188 Kevin Loaf Brianborough  WY 49451,578.953.4251,jonestodd@example.com,3748730569
336,Kimberly Myers,250 Michael Points West Tracy  UT 54422,330-594-2678,dmartinez@example.net,4337553201
337,Aaron Smith,0393 Ramirez Extension North Anthonyshire  IN 10511,499.717.4304,kberg@example.org,5963588982
338,Joshua Welch,5732 Robert Plaza Apt. 966 Floresville  CO 55870,495.732.3179,vmiller@example.com,9759070370
339,Cassie Kelly,0852 Moran Highway Apt. 228 West Marissa  MT 91453,2712403186,wmartinez@example.org,4643864766
340,David Hooper,0331 Randall Run Heatherside  MP 77422,+1-946-884-5914x758,smithphilip@example.org,5044450473
341,Danielle Ramirez,82265 Tabitha Motorway Suite 927 New Kevin  MH 43983,(939)796-6398,deborah31@example.com,8335859355
342,Douglas Mitchell,812 Becker Isle New Kimberly  GA 85486,901.204.3843,kara24@example.net,4311698792
343,Miss Samantha Wilcox,53851 Yang Row Suite 181 South Michelle  AZ 19016,9347803903,wfisher@example.net,7117136529
344,Cody Jacobs,34520 Danielle Shore West Alan  AL 65913,001-374-569-7229,xreid@example.net,4851733481
345,Dr. Amy Perez,546 Chad Plaza Katrinabury  AL 26450,001-231-788-6458,carlnelson@example.com,1408321978
346,Jay Boyd,493 Joanna Landing Newtonchester  CO 52152,3828534484,tsmith@example.com,8342179950
347,Dennis Black,329 Morgan Meadows Jamesside  MS 69017,710-599-5729x5341,stephenleonard@example.org,5050329354
348,Jessica Gibbs,7536 Cunningham Circles Apt. 467 Brianport  IL 43650,423-658-8427x11205,karenday@example.org,9370073822
349,David Boyd,9416 Perkins Harbor Apt. 071 Port David  AR 59528,001-550-755-9568x1457,imyers@example.com,9985822102
350,Kristina Mccullough,PSC 2494  Box 2722 APO AP 16866,001-536-266-3720,spencerscott@example.net,4859108232
351,Sandra Jones,3962 Andre Cliff Apt. 497 Markstad  WA 65540,001-938-766-3378x57930,adam04@example.com,9210364842
352,Deanna Branch DDS,863 Walters Ramp Suite 330 Maryhaven  ND 58129,(591)444-9362x9962,garykim@example.net,4401901236
353,Susan Burns,Unit 0434 Box 0802 DPO AP 19964,001-846-836-8471x257,yhawkins@example.net,8121098563
354,William Stewart,172 Scott Ferry Apt. 872 North Peter  DE 99261,602-491-6178,iansutton@example.net,2560114430
355,Diane Holder,35675 Jennifer Ways Suite 193 Hurleyville  OR 32537,+1-785-550-0459x8387,ncurtis@example.net,5412713158
356,Jason Gutierrez,510 Suarez Isle Suite 412 North Angela  MH 44182,+1-907-483-4745x3782,asutton@example.org,4230457033
357,Jennifer Powell,306 Jeff Cove Brettview  MI 86701,322.590.7341x65171,alexaferguson@example.com,7153854656
358,Gregory Alvarado,0341 Marie Ford East Valerieside  NY 61098,3445562243,hbarrett@example.com,6687361338
359,Edwin Flores,6937 Julie Cape Apt. 871 Jasonland  VT 84260,+1-865-713-4633x074,rhodeshaley@example.net,8720076592
360,Beth Odom,78909 Gonzalez Radial Brandonshire  OK 22781,212-884-4310x421,erinstevens@example.org,8586319579
361,Matthew Cole,086 Joseph Lodge Dennisborough  NH 88815,+1-652-329-9613,michaelsmith@example.com,3097653870
362,Robert Mcdonald,4615 Curtis Track Apt. 768 Danaburgh  FM 38320,536.724.0422x406,alexandriasnow@example.net,5552953046
363,Kendra Jones,99942 Alice Burg Apt. 001 Richardsonville  PW 81793,(242)347-7919,michael88@example.com,8736134915
364,Michael Villa,77053 Scott Cliffs Suite 352 North Tracymouth  VA 51545,001-546-247-9863x7854,roachsonya@example.com,9253598554
365,Vincent Parker,31527 Wilson Motorway North Jay  LA 04227,248.495.4619x986,kimberlyruiz@example.com,9240105900
366,Andrew Graham,0271 Katelyn Walk New Jordan  OR 25564,(481)806-9695x1857,sharon03@example.org,2013221224
367,Walter Anderson,096 Dylan Gateway Suite 986 Rebeccaland  MN 34076,+1-394-995-3215,othomas@example.org,9798799962
368,Joshua Kelly,436 Figueroa Islands Brownchester  PW 81334,+1-668-863-5481x0015,leejacob@example.net,1420362161
369,Miranda Allen,0400 Bennett Highway Garytown  AZ 65144,913-497-6061,lauren88@example.net,8503500877
370,Joseph Mccarty,USS Wilson FPO AA 76940,+1-848-477-1338x1891,kaylapatterson@example.net,7459220238
371,Brandy Herman,62712 Tiffany Pike Suite 073 Williamville  ID 57603,975.561.6555x82510,lmiller@example.com,9326179389
372,Samuel Campbell,5882 Wilson Summit Apt. 637 South Jenna  WA 11040,+1-422-963-3595x586,karenobrien@example.com,1692304758
373,Mrs. Patricia Harmon,USS Miller FPO AA 16504,+1-828-879-6944x78850,tparks@example.org,8428794022
374,Shelly Taylor,USNS Gamble FPO AP 09271,806-823-3337x368,craigmoon@example.org,9835063068
375,Jeffrey Arroyo,700 Walker Heights Suite 062 Graceberg  MA 34035,452.906.9496x88291,lindsey79@example.net,9746999997
376,Timothy Snyder,938 Stark Glens New Jessica  MI 65198,(508)318-7923x349,patrickgarcia@example.org,3184382396
377,Margaret Diaz,050 Arellano Inlet Suite 523 Carlyland  WY 42577,580-818-5908x7601,jjohnson@example.org,8195399972
378,Tracy Choi,9006 Stark Camp Apt. 959 South Jamesstad  NM 89579,(713)545-3620x158,ydavis@example.com,8418615424
379,Brandon Owens,61790 Michelle Motorway Robinfurt  RI 37055,695-748-6466,norman27@example.com,8255541085
380,Marc May,17312 Marvin Pine Kristinfurt  AS 47111,648-387-0170x7912,schultzkatie@example.com,2843258454
381,Casey Pennington,USCGC Sanchez FPO AE 22109,(418)850-6897x08855,andrewwagner@example.com,6537832200
382,Kimberly Vasquez,4433 Martinez Points Apt. 935 Anneside  AL 42625,(241)626-8172x13946,ryan54@example.net,7625356923
383,Amy Shelton,901 Tate Prairie Suite 174 Deleonbury  NC 55067,+1-329-907-5676x96016,johnsondawn@example.org,2369214644
384,Christopher Smith,129 Brendan Islands Moodyberg  NC 57792,849.563.0995,laurenjames@example.org,3764602034
385,Shannon Simpson,Unit 4737 Box 1549 DPO AA 20060,309-554-1207x032,lindsey88@example.org,3191456119
386,Tony Wilson,99129 Keith Flat Apt. 566 South Sarahbury  NY 29258,+1-258-507-2068x775,lhodges@example.com,1853901935
387,Darius Thompson,780 Schmitt Field Suite 322 North Nicholas  VT 46192,(711)837-0402x388,kennethsmith@example.org,9723459329
388,John Perry,41863 Victor Groves Alexanderborough  MI 99353,(287)897-1969,brandi69@example.com,8302979508
389,Gregory Rodriguez,9770 Tony Isle Ryanville  ME 10711,(267)495-1799x550,martha85@example.org,8282123873
390,Glenn Fischer,51820 Lopez Groves South Rileymouth  WV 60251,+1-737-243-4876x8841,philipreynolds@example.net,6879787155
391,Dawn Young,04772 Ferguson Crossing Apt. 689 South Erin  NC 60760,(826)282-0002,hartmanshawn@example.org,5258962695
392,James Griffin,56963 Michael Heights Apt. 281 Barkerhaven  FL 16386,9467835170,dylanmartin@example.com,4993977814
393,Connor Love,4079 Ross Stravenue Suite 077 Tylermouth  VI 70205,+1-497-261-3601x75242,judybrown@example.com,8136033582
394,Timothy Bennett,PSC 0145  Box 4426 APO AA 24026,001-810-710-6993x86124,jameswong@example.net,1323248116
395,Yvette Smith,87520 Emily Views Diamondhaven  OH 13428,(961)763-8250x752,amber54@example.org,1648672524
396,Andrew Wallace,7001 Heather Terrace Suite 553 Lestertown  ND 60119,+1-356-979-7673,sara19@example.net,1568299442
397,Gina Burgess,54071 Steven Grove Suite 977 Christyshire  GU 41028,+1-922-518-0719x1318,yhammond@example.org,9581275624
398,Olivia Miller,5747 Charles Islands East Reneefort  UT 38969,001-701-608-4683x0383,williamhamilton@example.net,8795968162
399,Raymond Alexander,22356 Dennis Cliff Apt. 621 Perezburgh  WV 55958,384.730.3693x1319,robert36@example.com,3145831279
400,Calvin Smith,0541 Amy Hill Apt. 734 Patriciaville  AZ 24519,608.848.4057x99714,ktucker@example.org,8547584191
401,Teresa Stephens,338 Sarah Corner Martinstad  OK 39207,871.596.1779,fmiles@example.net,6702280276
402,Beth Harris,0733 Rodney Terrace East Anthonyfurt  VA 08067,+1-479-391-8701,levymichael@example.org,5689451959
403,Kimberly Larson,72006 Middleton Manors East Kaitlyn  VT 42602,+1-388-843-3508x695,ydavis@example.com,7683874224
404,Kevin Huang,264 Johnston Camp Lake Kyletown  NY 41854,784-773-5176,gordondiaz@example.com,9403856200
405,David Martinez,659 Tammy Street West Bonniefurt  ID 25318,806-723-3886x9594,victoria59@example.org,8116720186
406,Dominic Weiss,5772 Garza Estate Apt. 279 Bradleyfurt  NC 04672,(728)619-7020,larsenderrick@example.org,9511578752
407,Maria Hall,650 Daniel Land Shannonfurt  FM 21006,+1-284-421-6673x920,mistywest@example.com,7253943518
408,Daniel Rodriguez MD,32539 Chapman Harbors Suite 416 Angelaberg  NV 35857,630-948-5160x87334,michael88@example.net,2696819763
409,David Neal,7091 Simpson Islands Suite 032 Randyburgh  NY 88872,001-467-781-2283x225,hoffmanmichael@example.com,5633616878
410,Mark Wallace,0075 Brian Manors South Christopher  CT 88271,+1-387-613-2979x0323,fgoodman@example.com,4111057949
411,Monica Ibarra,9737 Michael Garden Suite 096 New William  KY 33069,+1-212-672-1028x90850,fdaniel@example.net,2964251174
412,Randy Arnold,580 Smith Field Port Michelle  MO 12241,894.836.9125,clarksarah@example.com,2643777939
413,Brandy Klein,5112 Jonathan Meadow Andradechester  ND 09031,(762)845-7627,vbrooks@example.com,3379473251
414,Lance Jones,42881 Michele View West Samanthamouth  AK 63401,559-228-1410x08043,jessicasimmons@example.net,5285702606
415,Michael Williams,216 Kelly Flats North Paul  TN 96196,(597)682-3809x339,samuelmartin@example.org,7359253257
416,Rose Bartlett,32454 Barbara Neck Apt. 211 Ramirezbury  HI 89163,(403)232-9473x25810,rhonda77@example.org,7584890064
417,Michael Weaver,373 Greer Greens Nicolebury  PA 51251,456.952.2629x24177,sanchezkenneth@example.com,5570523731
418,Mary Perkins,11677 Wolf Forge Suite 034 Blackstad  VT 58571,(494)851-7507x76577,alec68@example.com,6558640419
419,George Martin,05247 Gabriela Mews Apt. 122 South Cynthiahaven  OR 21097,001-827-632-5052x682,iroberson@example.net,7765821523
420,Alexandra Hoffman,61172 Ritter Points Apt. 092 North Jeffreyton  MN 97596,+1-898-855-9386x99003,gloria82@example.com,5183301836
421,Michele Nelson,82743 Arnold Cove East Teresachester  VT 88061,+1-752-382-6483x15478,jamie39@example.com,2732974716
422,Nicole Morse,5743 Anthony Forest Mendozamouth  NM 51350,274-331-0489x886,gespinoza@example.com,2819744587
423,Daniel Rodriguez,83647 Julie Mountains Suite 919 Pamelamouth  DE 47237,811-867-2936x6808,sabrina51@example.org,6262331731
424,Judy Wolf,556 Rebecca Isle Mitchellview  KS 06910,258-446-6600,arobinson@example.net,1984389805
425,Ian Rivera,271 Castro Court Suite 703 Thompsonfort  FL 94809,7869786684,zimmermanbeth@example.com,3696353328
426,Ann Shepard,388 Berry Views West Jessicaside  WV 83836,524.691.5011,john91@example.com,7242379123
427,Julia Richard,Unit 8837 Box 2677 DPO AP 88480,(649)705-4872,nguyenstacy@example.org,3026409623
428,Jo Oneal,Unit 8937 Box 5564 DPO AA 17540,519.800.2389x4458,wramos@example.net,1475406235
429,Matthew Orr,5717 Carrillo Inlet Apt. 068 Johnhaven  MP 67512,(363)446-5580,christine02@example.org,6859570777
430,Bryan Morris,008 Cervantes Stream Lake Curtishaven  OK 41649,+1-881-549-0345x724,colemanwilliam@example.org,2341590872
431,Julia Kent,5278 Joy Spurs Apt. 116 East Janicefurt  TN 72761,001-322-913-9225x7331,ian89@example.com,1711211548
432,Nathan Soto,112 Alicia Springs Apt. 362 Ewingchester  NJ 69511,+1-573-966-4873,alexander38@example.com,6787479978
433,Lisa Copeland,1855 Williams Inlet Stricklandview  CA 11681,(222)940-9501x86089,foxjoseph@example.org,8960837757
434,Susan Parker,7964 Morales Isle South Kaitlinland  NM 27524,809.765.8497,dennis24@example.com,5468811992
435,Julie Johnson,0189 Sean Fort Suite 989 New Kennethmouth  DC 83758,607-251-8251x063,edward25@example.net,2771235333
436,Mark Wood,16055 Brennan Station Suite 540 Cruzmouth  OK 23071,001-791-966-5092x5049,travis69@example.org,7106321433
437,Amber Rodriguez,5619 Derrick Circle Apt. 550 Jenniferville  PW 71745,001-343-435-8544,gjohnson@example.org,1139873315
438,Maxwell Davis,4790 Patricia Park Apt. 504 East Morgan  WY 76299,001-957-508-8887,steven63@example.net,5368532961
439,Ashley Jackson,86196 Rose Unions Suite 862 North Christopherborough  NC 92140,878.875.9268,heather30@example.com,4489572041
440,James Campos,670 Myers Isle Rodriguezport  MT 72183,763-225-1881,jclark@example.org,3640575185
441,Jose Bowman,17223 Shane Causeway Suite 128 Mcmahonside  TN 49718,333-524-8389,dillon71@example.net,4966585370
442,Traci Green,070 Potter Groves Apt. 242 Christensenview  OR 05669,(841)911-0526,lrose@example.org,9508919261
443,Jessica Allen MD,3129 Phillips Pass North Amanda  VA 42527,214.384.6331x19700,wagnerrobert@example.org,2255609842
444,Angel Hughes,826 Smith Island Apt. 853 Port Briana  MT 41551,001-938-701-4851x7194,shernandez@example.net,7138407000
445,Danielle Lee,544 Lindsey Crescent Apt. 636 Lake Kristen  MO 85583,+1-278-430-8121x6775,whitejesse@example.org,4443813027
446,Traci Mason,2450 Jonathan Unions East Karenborough  PA 37524,(317)893-6841x33187,zsimpson@example.org,4132910148
447,Kyle Murphy,PSC 1707  Box 1022 APO AP 11379,581.525.5685,jeffreykelly@example.org,2334148796
448,Kristin York,535 Steele Cliffs Nancybury  IL 11106,676.212.7463x27307,yking@example.org,1099092553
449,Joshua Cummings,4406 Emily Field West Georgeview  NM 76640,874.352.9000x2956,deborahsmith@example.com,9400860128
450,Brenda Moore,1785 Price Well Nicholasland  FL 16070,862-870-1942x9686,susan66@example.org,1701690824
451,Keith Phillips,7230 Soto Manors Apt. 443 North Jobury  CA 32151,354-944-1769,thomaspaul@example.org,8028858747
452,Julie Herrera,09178 Newton Center Apt. 992 East Franklinfort  IN 49983,530.493.2670x1736,perezbrittany@example.com,6412833029
453,Karen Lynn,83765 Joshua Pine Port Jennifer  MD 38663,+1-707-802-3831,poliver@example.net,7946918817
454,Joshua Schmidt,5102 Dixon Parks Apt. 902 East Ashleyfort  WV 26194,965-943-0997,devon07@example.com,6847820745
455,Travis Elliott,27080 Misty Court Suite 870 East Jared  TN 94070,+1-726-900-0934x92374,courtney64@example.org,8506057140
456,Nicole Brown,525 Allison Freeway Suite 601 Tamaramouth  NH 51984,871-443-6196x13827,judithmcneil@example.com,2123990849
457,Michael Olson,6314 Sherry Estates Lake Jennifershire  WA 55884,797.603.3516,vschmidt@example.org,4350642079
458,Kimberly Joyce,134 Johnson Crest Lake Sandramouth  AS 16724,464-449-5534x291,donna95@example.org,6651347409
459,Dennis Williams,51886 Angela Via Apt. 126 New Vickishire  MO 01204,982.303.1822x1475,jevans@example.net,4493737574
460,Christopher Choi,72001 Jim Grove Lake Joshua  NJ 65809,(244)619-2133x8395,glittle@example.net,5958320470
461,Jason Moore,43018 Thomas Drive Lake Jaredstad  AL 78487,(905)538-2171x2062,bsanchez@example.org,1715883603
462,Caitlin Martinez,Unit 2574 Box 3767 DPO AE 72972,001-817-222-2666x09390,qnelson@example.com,5813500712
463,Matthew Jones,18412 Haynes Garden South Brittanyville  NC 31143,523-615-2833,mroberts@example.com,9527036073
464,Gary Ferguson,405 Joseph Roads Suite 312 Barbaraburgh  CA 08268,6394952767,jamiesmith@example.com,3347777709
465,Michael Davis,3179 Joseph Ranch Apt. 534 North Jasonton  WI 70393,001-310-593-4777x25435,jberry@example.com,5988966162
466,Janice Baker,83875 Dustin Rapids Tylermouth  KY 55248,289.455.9955x7426,jacquelinetaylor@example.org,3943586092
467,John Schmidt,08440 Clark Place Apt. 550 West Matthew  NE 60725,+1-283-367-0538x966,grosales@example.org,8125438915
468,Eric Lopez,66032 Conway Valleys Suite 421 East Jonathan  SD 83356,(293)993-3660,flynnerin@example.org,6174973095
469,Gina Hamilton,25973 David Hollow New Arthurland  CO 62990,493.959.9776x630,frenchmark@example.com,5830519415
470,Patricia Martinez,7944 Fisher Flats Crawfordberg  PR 35671,555.558.5073x7049,mayscarol@example.com,6119778173
471,Angela Mayo,4216 Andrew Greens Faithbury  GA 57431,5155322095,gardnerjulia@example.org,7414812620
472,Anthony Harris,1885 Joshua Station Kristenmouth  NJ 11594,001-679-534-8359x79730,rodriguezbrian@example.org,7932353876
473,Amanda Gutierrez,585 Wesley Ports Allenborough  PW 80383,7054256590,kgray@example.com,3319466975
474,Jill Collier,9662 Heather Valleys Apt. 542 West Sherrybury  MH 37416,786.690.0253x7051,tmiller@example.org,4920462849
475,Melanie Barber,14765 Moon Pines Suite 478 South Michael  IA 67142,434-509-0634,jason66@example.net,8152028134
476,Thomas Diaz,95328 Jones Prairie East Cynthia  KY 68015,243-604-7784,lisavaughn@example.com,8733582819
477,Brett Richardson,99644 Walker Oval Lake Victorton  MD 02496,896.877.1351,colemichael@example.com,9397528627
478,Sherri Kline DDS,4504 Arthur Parkways Apt. 007 Perezberg  PR 51510,8547470064,elizabethfreeman@example.org,3155012417
479,Anne Henry,67156 Davis Prairie Apt. 756 Shaneport  AK 53908,466-702-8655x91321,james77@example.org,1335280477
480,Annette Hart,1667 Pam Ports New Michael  MS 96734,001-560-493-3309x45518,christopher55@example.net,5133347481
481,Julie Guzman,308 Patterson Stravenue Apt. 933 East Kristinville  NJ 25125,2809087869,suarezemily@example.com,5948652578
482,Lisa Stevens,9197 Daniel Key Suite 693 New Derrick  UT 46153,928.967.2368x7703,thomasmichael@example.com,8438577999
483,Julia Hahn,878 Wallace Harbors Apt. 233 Moodytown  MD 41051,001-884-745-2548x3222,bridget04@example.org,4860617721
484,Teresa Jones,049 Susan Mountains Williamstown  NY 18939,(259)373-7441x019,taylorfrank@example.com,2136651466
485,Amanda Black,836 Doyle Avenue Apt. 367 Allenborough  CO 02598,001-436-938-0150x53643,vlopez@example.com,8250708992
486,Michael Johnson,480 Lane Bypass Suite 024 Mccannfurt  FM 52062,754-700-4696,xtaylor@example.org,3433130527
487,Kristina Thompson,PSC 8079  Box 5745 APO AA 14295,+1-510-340-0751x0304,zcraig@example.com,9070177281
488,Nicholas Horton,2323 Li Village West Jessicaland  KY 27808,531-959-4675,hjackson@example.com,2617599343
489,Carolyn Patel,0258 Brittany Walks Apt. 648 Christianville  VA 91373,+1-704-298-4550x447,derrick40@example.org,2081640338
490,Justin Miller,87877 Herrera Squares Seanville  MO 31159,4675547765,markssamuel@example.com,9625603071
491,Michele Holland,225 Martinez Street Apt. 637 Jonesbury  VA 32814,4545735849,hmoreno@example.org,4674482561
492,Melissa Conrad,216 Wade Creek North Mitchellstad  VI 38605,(220)698-9248,kadkins@example.net,1601077268
493,Mr. Duane Gill,0991 Leah Manor Suite 185 South Robert  WY 77490,448-529-8024,jennifer16@example.net,7668903736
494,Andrea Torres,51429 Ross Inlet Suite 188 East Ginaville  OR 29987,+1-249-886-0941x6331,iriley@example.net,7591727283
495,Kimberly Jordan,070 Zamora Summit Javierburgh  AK 79478,434-218-6803x0616,ibarnes@example.org,2659133392
496,Clarence Miller,448 Johnson Squares Katherineview  NY 55811,(241)299-4450x1441,alvarezdebra@example.com,4656297697
497,Julie Beltran,8821 Smith Fords Apt. 176 East Kevin  CT 82799,334-938-4320x665,emckenzie@example.net,6145710479
498,Stephanie Underwood,Unit 8351 Box 1562 DPO AP 19475,878.427.1930x367,ehenry@example.com,2009024221
499,William Hatfield,6919 Anthony Prairie Suite 823 Charlesview  CT 13845,+1-331-854-4961x8046,johnsonantonio@example.com,3280305349
500,William Stephens,08107 Lori Canyon Marvinmouth  MP 17426,(283)342-6426,cherylhernandez@example.com,2416444480
501,Susan Hughes,8688 Johnston Vista North Matthew  SD 39438,223-929-0835x9805,amandamurray@example.org,6506352993
502,Michael Meyers,993 Brandi Pike Anthonystad  CT 88123,001-674-358-7252,dianevelasquez@example.org,9464832380
503,Matthew Perez,09094 Jennifer Manor North Maryville  FL 51333,459-266-2477,cooperlaura@example.net,5525628000
504,Nichole Stewart,59617 Hodges Greens Jennifershire  PA 86844,001-233-385-8382x3785,walshjose@example.org,5115444599
505,Kevin Nguyen,351 Washington Spurs Port Erin  GA 41599,205.277.3085x85046,benderjesus@example.net,6318300147
506,Curtis Huang,6405 Ortiz Unions Suite 832 Suzanneville  AR 40036,001-204-368-7542x4823,sarawilliamson@example.org,2168077731
507,Kayla Graham,85345 Barry Road South Andrew  OK 01124,+1-831-632-3724,juliejackson@example.net,7351887905
508,Larry Miller,658 Amanda Divide Apt. 796 Marystad  HI 35995,441-932-3601x8432,sandrews@example.net,1904402526
509,Ryan Mccoy,884 Randy Oval Apt. 836 New Christine  FL 18500,+1-946-865-7586x4425,vjohnson@example.net,2471335965
510,Joseph Harris,028 William Mall Suite 783 Sharonton  SD 41832,001-565-867-5271x79369,walkerkristina@example.com,1829857676
511,Jennifer Ball,493 Brown Drive Willieberg  SC 07089,(445)760-1289x184,lisadixon@example.com,4641822338
512,Christine Price,89389 Paula Tunnel Suite 747 New Alisonhaven  FM 25986,(847)770-9341x4750,alexis72@example.org,4201540031
513,Sean Ashley,606 William Fall Georgeside  MT 37414,549-687-1528x43040,ashley06@example.org,9978531265
514,Jillian Strong,49625 Todd Circles Lake Arianastad  MS 06480,9484160991,jessica62@example.com,5486347895
515,Christina Duncan,0395 Daniel Alley Apt. 123 Lawsonmouth  NM 98874,651-238-1415x013,stephenhanson@example.com,4772230081
516,Diana Melendez DVM,Unit 5557 Box 3280 DPO AP 43260,364.263.6764x40035,johnmorales@example.com,8119251369
517,Wendy Haney,0890 Perry Ferry West Donald  SD 59480,645-847-7800,richardmiller@example.com,5667438589
518,Bethany Taylor,0663 Vaughn Village Port Bethany  OR 27325,(741)373-5032x65773,vincent09@example.net,1960959084
519,Matthew Bowman,90506 Lori Forges West Scott  WA 07335,(854)722-0597x41947,alex19@example.org,5233681965
520,Stephen Hudson,Unit 9272 Box 1049 DPO AA 77926,7899888054,michael01@example.com,3793810325
521,Adam Stuart,029 Lee Heights South Phillip  MA 03701,(786)717-3513,patriciarose@example.com,4970566440
522,Ashley Payne,916 Danny Forges Alexandraton  SC 91932,281-699-3353x5674,allen56@example.org,8269851016
523,Steven Bennett,2180 Nicholas Courts Suite 527 Port Hayleyport  NE 87391,781-362-2521x7179,ularsen@example.net,7734685917
524,Kevin Parker,43406 Morrison Expressway Apt. 711 Christopherfort  MP 60197,734-543-8100x4395,qjohnson@example.net,4497958269
525,Cameron Jenkins,80510 Davenport Rapid North Hectormouth  NY 72744,472-890-1199,joshuagreen@example.org,9315368394
526,Jeremy Coffey,1747 Adkins Dam Jenkinston  KS 53393,001-919-787-2859,nnunez@example.org,3142376779
527,Theresa Jackson,61736 Hunter Crescent New Christianburgh  WI 23836,+1-815-516-5815x310,wrightbrittany@example.net,4234552311
528,Gina Mckinney,0253 Paul Plain Haydenside  AS 78484,001-252-578-7707x285,juan07@example.org,5213789611
529,Jennifer Marshall,7993 Fox Overpass Apt. 803 Clarkmouth  CO 02117,+1-647-477-2845x03286,simmonsjoy@example.com,2301981147
530,Sara Anderson,418 Fuller Ville Jacksonport  NH 45475,+1-273-329-5817x683,jonescraig@example.org,5479217714
531,Miss Stephanie Sexton,831 Jaclyn Lane Perezborough  SC 83203,(460)828-4503,mariaharris@example.com,9036330436
532,Michael Tate,Unit 1098 Box 5924 DPO AP 92181,745-698-2837x571,mark69@example.org,3622221011
533,Gloria Byrd,347 Mccann Squares Port Danielside  CO 85960,554.630.1581x8754,stewartjeffrey@example.com,6701639060
534,Gina Watson,579 Willis Court Apt. 051 Matthewburgh  NE 13909,9898537993,tsmith@example.net,7412369419
535,Bradley Patel,9492 Christopher Road Suite 851 South Nathanbury  VA 01992,802-896-6205,loretta94@example.com,8255440256
536,Mary Smith,0984 Campbell Plaza Suite 003 Phillipland  MI 50986,730.375.9286x146,keith95@example.com,6194905751
537,Jeremiah Reynolds,035 Smith Centers Apt. 169 Carrollton  VI 17202,+1-204-390-5210x35129,tara67@example.net,3139650505
538,Patty French,9376 Houston Station Suite 714 Lake Stephanieborough  FL 56536,396.201.8365,dominicmorgan@example.org,8569459444
539,William Aguilar,70244 Ricky Ramp Apt. 278 Lake Christinemouth  LA 70251,(260)389-1197x996,grosario@example.net,3929822808
540,Susan Cain,14878 Theresa Park Suite 334 Lake Angelastad  LA 87364,(695)443-7484x704,sbradford@example.com,4141412158
541,Lindsay Barker,630 Ethan Ville Apt. 041 Nicolestad  RI 52215,001-370-609-8532x164,stephanieking@example.net,7856016401
542,Robert Rosario,1275 Travis Creek Apt. 573 Alexanderchester  SD 33837,357.863.6829x1648,brian46@example.net,7360879192
543,Amber Schmidt,3031 Charles Lane Port Michelleside  MD 94630,962.967.9522,jennifergarcia@example.net,2547869467
544,Hannah Miles,8668 Price Knolls Susanburgh  PR 77397,523.501.5146x57486,brandontorres@example.net,6118756416
545,Eric Oliver,2684 Timothy Lodge Garciaton  MT 11504,001-992-397-4119x1818,sarahhernandez@example.org,5245461454
546,Jessica Flores DVM,16295 Sandoval Gardens Lake Deborah  GA 57466,902.331.5369,christopher99@example.org,3667282601
547,Jordan Hoffman,70834 Cheryl Landing Suite 545 Clarkton  PR 55635,+1-365-412-9317,huberrobert@example.com,6339842931
548,Valerie Mercer,36463 Lindsey Well Apt. 094 Millerview  MD 93984,221.512.0313,kmcdowell@example.net,9465479381
549,Adam Smith,463 Suzanne Avenue Suite 057 Kevinport  MN 48180,844.945.6891x25037,doylerachel@example.org,1129475868
550,Thomas Miller,0225 Linda Highway Apt. 814 New Sandraborough  ND 97038,(643)992-4959x707,ynash@example.com,2626771533
551,Heidi Perez,PSC 5854  Box 6678 APO AA 59879,(848)561-2944x6803,jerrycarr@example.com,5853338124
552,Gary Hampton,4188 Baker Field New Anna  MP 41062,001-927-307-2631x8292,jacksonwilliam@example.com,7458114457
553,Laura Ortiz,76046 Brittney Ports Fredtown  NM 18764,001-775-859-3386x898,careysamantha@example.com,7758456820
554,Catherine Leblanc,66293 Grimes Turnpike Suite 980 Andradeshire  MS 07488,838.270.1522x8373,weberbrian@example.org,3738637070
555,Stephanie Johnson,12092 Rebecca Mountains Suite 573 North Lisafort  IL 75959,(318)483-7926x3069,rroth@example.com,3115755569
556,Marie Avery,2861 Swanson Walks Victorborough  UT 80634,001-990-775-7221x4756,lisa67@example.net,4611421520
557,Alexandra Figueroa,653 Nicholas Isle Suite 925 Johnsonfurt  GA 04547,436.540.2601,robertmclean@example.org,4676061465
558,Alexandria Martinez,349 Amy Plain Suite 828 Hannahside  VI 57385,578-591-0847x574,parkwesley@example.com,3570596640
559,Victor Kramer,01561 Brown Avenue Suite 336 Edwardsberg  VT 82677,277-710-3728x254,elizabethcraig@example.org,8145547998
560,Chad Butler,067 Williams Way Careyfurt  WI 12073,945.471.0186x4161,lorraineowens@example.org,4211892864
561,Philip Jones,674 Mark Locks Suite 199 Kathleenbury  FL 25928,(414)499-5309x529,lirebecca@example.net,1458924696
562,Karen Alvarez,133 Mcdonald Forest Port Tinashire  WA 49513,(416)346-8460,qdunn@example.com,2538444158
563,Rebecca Morales,56748 Beck Spring Lake Michael  ME 95832,(961)306-3209x24507,bthomas@example.org,8365871449
564,Misty Finley,6996 Jorge Forges Suite 646 Port Christineside  NJ 15435,001-459-700-5416x22385,alyssa86@example.org,7049707930
565,Stephanie Brown,88756 Wu Shoal Apt. 191 North Amy  NE 57439,+1-846-215-1999x6024,ewilliams@example.com,9219263886
566,Holly Jones,74425 Juarez Manor Apt. 653 South Nancytown  MP 11120,294.637.3741x17568,matthewromero@example.com,1977940344
567,Austin Peterson,7629 Barron Neck Courtneytown  CT 24816,230.867.8928x43588,monica48@example.com,3950014161
568,Christopher Evans Jr.,7991 Walker Station Suite 388 New Ernest  CT 57245,001-622-352-9431x4525,qtaylor@example.com,1282208390
569,Nathan Fritz,32623 Reynolds Glens Apt. 575 Morganfort  WY 58650,(462)690-8476x491,susan92@example.com,4166473122
570,Todd Byrd,PSC 3205  Box 9837 APO AP 14811,(912)811-9361x8043,jeremiahweaver@example.org,1697518234
571,Ellen Johnson,5119 George Islands Apt. 751 East Matthew  LA 88480,935.496.1666,pughtroy@example.net,1353689993
572,Aaron Pearson,69926 Jessica Spur North Jennifer  OH 09925,(581)409-8387x79578,kennethgreene@example.org,6146865168
573,Alex Hoover,88352 Christopher Oval Carolynshire  SC 47827,001-901-868-4127,julia96@example.com,5960818055
574,Craig Horn,64591 Jeffrey Gardens South Ashley  TX 19190,980.387.8176,thomasjones@example.com,9750444013
575,Kaitlyn Adkins,31473 French Courts Nicolebury  MP 39547,664.440.4641,kirsten26@example.com,9719244563
576,Edward Rogers,132 Stewart Keys Suite 875 Leeberg  AL 38108,983-712-6337x515,briannamartinez@example.com,8617156003
577,Nicole Zimmerman,1280 Jones Road Apt. 635 South Benjaminborough  MO 89477,001-983-583-9352x0295,adamsjames@example.org,1104704209
578,Robert Lee,Unit 2817 Box 2385 DPO AP 24252,+1-857-983-6546,ztucker@example.org,1555014547
579,Nicholas Salinas,666 Christy Mount Apt. 731 South Jenniferbury  OK 36522,415.764.8747x725,rmiranda@example.net,2208162017
580,Michael Torres,07888 Deborah Drive Apt. 056 New Royport  GU 09817,694.890.2829x96028,julienguyen@example.net,1714282525
581,Kimberly Bruce,44840 Gross Land Suite 573 Sullivanmouth  DC 92328,828.341.9207x3867,kristine02@example.net,8317917998
582,Jonathan Smith,235 Richard Ferry Apt. 333 Erikside  NH 47762,+1-885-308-0409x454,galexander@example.com,7072205979
583,Elizabeth Mclean,8770 Hayden Creek South James  MS 22467,958.702.4619x62729,summer69@example.net,8102583759
584,Eric Gordon,22958 Gonzalez Camp Maryton  ID 37489,6666851356,thomas74@example.com,2332778939
585,Marc Adams,46911 Jones Vista Apt. 805 South Deniseview  CA 55425,(568)661-3838x131,joseporter@example.org,2219202686
586,Shawn Winters,59096 Richard Field Ericaborough  OK 74536,+1-586-457-7429,whitebrian@example.com,9071751455
587,Joshua Jones,357 Lynn Crossroad Suite 003 South Darren  IL 69418,(528)733-3056,gabriella56@example.net,2484239708
588,Sydney Moore,42513 Meredith Groves Apt. 800 Bautistaport  NE 47921,382-472-5664,jeff70@example.org,3503025259
589,Brian Chang,Unit 8015 Box 9275 DPO AA 97036,474-597-0476x0051,rbarrett@example.net,2015038940
590,Tammy White,1847 Cowan Port Myersville  NH 32398,001-358-534-6927x015,royjackson@example.org,1783366299
591,Breanna Lewis,540 Jasmine Parks Suite 624 Kathleenburgh  SC 72525,001-261-685-6235x5105,thomasbonnie@example.net,5363713858
592,Jessica Williams,77561 Flowers Freeway East Michaelbury  KY 60432,727.538.3941x35089,michaelramirez@example.com,2236545618
593,Michael Gilbert,3772 Patel Club Suite 168 Wesleyshire  MH 81399,907-490-3130x73976,robertkim@example.net,2424849170
594,Kayla Chen,289 Patrick Vista Apt. 592 Silvaton  ID 63007,2998107869,wellsjohn@example.com,8150418391
595,Eileen Morris,620 Jill Park Lindseyfort  WA 42884,(896)274-3285x429,franceslee@example.org,4592954119
596,David Greer,73817 Julia Mission Apt. 353 Paulside  CO 77004,+1-331-370-1153x81050,michaeljohnson@example.org,9003447845
597,Robert Cole,1305 Eric Terrace South Joseph  SD 22277,269-973-0141,kbrown@example.org,9907467804
598,Laura Green,07803 Victoria Court Apt. 449 West Joshuashire  PR 34841,553.428.0543x538,cassidy77@example.com,3383648659
599,Jacqueline Bush,PSC 1574  Box 1598 APO AA 95180,839.231.0746x7581,christopherwalker@example.net,9415035740
600,Jonathon Christian,7434 Brandon Track Apt. 364 Thomasland  IN 95863,+1-209-692-4814,danapayne@example.net,1334455271
601,Joanne Morris,8489 Alexander Village Suite 193 Davidview  VI 19533,628-247-4764x453,carlahernandez@example.org,7677844050
602,Thomas Kim,846 Alexander Ferry West Hannahbury  NM 99367,001-914-324-9165x105,bpeterson@example.net,4136018338
603,Jacqueline Donovan,14954 Lauren Loop Kimberlystad  ID 76727,973.874.7268,xking@example.com,6524846072
604,Mr. Gregory Welch,14561 Gray Highway South Ericborough  MD 77060,613.719.2125,stephanieperez@example.com,2053414163
605,Charles Saunders,03509 Campbell Highway Suite 750 East Ericchester  NJ 68791,001-759-996-0868x97639,bowmanjessica@example.net,3874526465
606,Mike Williams,02936 Reynolds Flats Suite 020 North Thomasview  UT 48272,(864)903-6113x0125,nicholsonchristopher@example.org,2194142450
607,Tyler Tyler,66113 Beard Rest Lewisshire  NE 97571,(868)682-7034x0667,antonioromero@example.org,5717847870
608,Michael Quinn,5380 Caroline Expressway Apt. 975 Port Andrew  ME 82303,(333)752-4484,xwebster@example.org,3428797928
609,Sarah Phillips,7722 Bauer Wells Deborahside  ND 23697,6105293806,kimberlybrown@example.com,2658399700
610,Shelley Simpson,5686 Ryan Pike Jefferyberg  ME 71079,8317923483,yolandaross@example.org,2578162347
611,Mr. Kevin Hinton,Unit 1262 Box 9209 DPO AP 82867,001-258-645-3696,matthew05@example.com,4637693994
612,Jerry Jones,821 Dixon Alley Lake Lisa  RI 03297,294-771-6684x140,nathanbruce@example.com,2597161441
613,Emily Martin,25865 Mcmillan Viaduct Suite 066 Angelaport  SC 59247,(816)266-8366x79903,kerri32@example.com,7217729001
614,Kristine Massey,026 Amanda Plaza Lake Johnberg  DC 47839,001-878-680-0384,angelagonzalez@example.com,3088046908
615,Vanessa Wyatt,Unit 1632 Box 4732 DPO AE 66453,(200)702-0035x76342,abigailgilmore@example.net,4676895517
616,Brian Herring,27481 Tyler Trace Suite 244 New Sherry  NC 10528,2264197713,sara83@example.org,7516085023
617,Michelle Burke,75961 Howe Squares New Travis  LA 12532,444.366.5046,keith98@example.com,3603378647
618,Dorothy Castillo,93862 Julie Ferry Danielfurt  IL 19564,+1-539-559-2530x00764,anitajames@example.com,2827496352
619,Anthony Ortiz,625 Davis Passage Apt. 863 Port Elizabethshire  AS 33558,(407)781-8752,thomascruz@example.org,9672353671
620,Nicholas Robinson,70907 Brewer Road Suite 410 South Amyshire  UT 64729,442.336.4674x196,williamsims@example.org,2197233441
621,Sherry Moss,165 Roberts Camp Patriciaton  IN 40060,(772)235-3620x329,paul12@example.net,6488409224
622,Gina Marshall,795 Victor Lane Apt. 595 East Linda  MP 89193,514.400.4760x37566,bclark@example.net,2366664732
623,Karen Barrera,22205 Thompson Burgs New Kathyfurt  TN 88531,+1-775-415-1561x316,rholland@example.org,8480652594
624,Matthew Campos,37005 Brian Unions Melissashire  CO 42103,(772)650-1253x07127,mclaughlingabriela@example.org,9158214313
625,Stephanie Brown,USNS Thomas FPO AP 76886,(519)665-9703x32064,ortegamichael@example.com,4587015901
626,Timothy Todd,USS Mckinney FPO AA 92376,(349)710-3182,todd79@example.org,2617900320
627,Shane Christian,3614 Jones Trafficway South Tinaton  NE 39840,8199932969,gperez@example.org,8171376602
628,James Hoover,472 Angela Cape Suite 901 East Charlesmouth  WA 50215,704-365-9213x32983,smithjohn@example.com,9601244046
629,Dylan Jackson,01639 Zachary Haven Parkertown  VT 75559,871-267-7001x6721,rboone@example.net,6982611035
630,Carolyn Shelton,610 Watson View Jonesland  FL 26521,001-238-368-9155x135,amy42@example.net,2911890079
631,Ashley Nunez,63140 Zachary Tunnel New Gabriel  CA 69608,(791)773-9350,awatson@example.net,5739546456
632,Clarence Parker,316 Glenn Harbor North Brianfurt  IA 40760,459.677.1814,johncampbell@example.net,9469095288
633,Sarah Tyler,4688 Jodi Club Fredericktown  AS 06814,001-684-805-0208,fmartinez@example.org,8714791684
634,Nicole Shepherd,9973 Kyle Summit Suite 306 Batesberg  CO 62298,001-900-290-8400x7674,shannonsanders@example.net,6617449671
635,Stephanie Chavez,4611 Wheeler Isle Suite 389 Bellmouth  OK 20678,655.503.3298x761,christopherwerner@example.net,6041884435
636,Tina Gray,3734 Timothy Springs Apt. 607 Timothyborough  ME 30298,+1-260-895-7033x39631,bpayne@example.com,5498955457
637,Marie Johnson,512 Davis Village North Jennyberg  KY 85993,(618)695-9829x846,fjimenez@example.com,2275497073
638,Danielle Andrews,91359 Perry Summit East Cassidyview  UT 97926,+1-774-237-8030x752,wjohnson@example.net,6366585859
639,Joseph Lara,USS Wolfe FPO AE 65199,+1-772-533-6226,adavis@example.com,7359690567
640,Aaron Porter,583 Kristin Creek Joshuaberg  SD 44480,753.961.9663x78683,michaelhernandez@example.org,7318369735
641,Lisa Willis,9308 Moore Isle Markfurt  RI 28423,315-704-5788,ystewart@example.org,9528882003
642,Paul James,74374 Valentine Avenue Apt. 961 Martinezstad  NJ 68317,(328)333-5710x3870,tracey22@example.org,7607160979
643,Bradley Jones,7543 Michelle Plains Suite 511 Teresachester  DC 12823,(405)421-9484x8770,wonglindsey@example.org,4696436732
644,Mike Garrett,09579 Peters Overpass Shaneport  MD 79201,001-459-512-5925x4389,psimon@example.com,9879289004
645,Caitlyn Odonnell,971 Day Alley Brandonfort  PR 65795,807-252-5708x65295,david05@example.org,7646202031
646,Lauren Martinez DVM,5816 Blake Summit Pettyfurt  MP 56527,845.620.6913x770,newtonlisa@example.net,8119118596
647,Melissa Mclaughlin,86493 Calvin Garden Apt. 104 Millerborough  AZ 11230,(564)485-0299,derek13@example.net,4356681973
648,Debra Hickman,50697 Timothy Cliffs Apt. 606 Hallmouth  NJ 78157,4067915621,pricekenneth@example.com,3708734364
649,Nicole Rhodes,699 Andrew Rapid Suite 837 Phillipfort  AK 22934,(569)611-8832x539,aclark@example.org,1296857407
650,Miss Ana Jones,1847 Rachel Port Skinnerborough  CO 71047,968.956.1397x62608,pbrown@example.net,4985897624
651,Erin Jacobs DDS,4577 Deanna Radial Cruzborough  NE 83030,(568)915-4740x978,michellemiller@example.com,2265147268
652,Noah Ellis,405 Jesse Locks South Debra  NH 70892,+1-585-844-4400x808,warrenlinda@example.com,3364726140
653,Adam Rollins,8062 Walker Knoll New Jacobfort  UT 89038,+1-990-521-3783,christopherbrown@example.com,4212114055
654,John Morrow,7764 Smith Cape Butlerfort  FL 77420,534-587-7582x91498,waltersdavid@example.org,2021787846
655,Martin Stuart,216 Sanchez Pass Johnshire  HI 76580,919.287.3112,potterlisa@example.com,6599184711
656,Douglas Williams,8058 Clarke Plaza Rothfurt  VI 62057,001-517-970-3210x11685,jacoblang@example.net,8720863111
657,Deborah Love,7042 Rachel Brooks North Ralph  CO 20376,(729)299-1813x679,lopezdaniel@example.net,1551719055
658,Kathleen Sharp,759 Perkins Tunnel Suite 517 Natashaton  FL 03373,(682)630-0863x51548,beardsamantha@example.net,4985770798
659,Brian Thomas,61181 Warner Mills Suite 199 South Annafurt  NE 86360,412-921-9593,bushelijah@example.org,7967434130
660,Nancy Hill,15392 Brittany Falls Suite 818 North Aaronside  OR 18567,001-482-638-0234x795,stephenmoore@example.com,2351821393
661,Kathleen Hayes,3714 Wilson Squares Port Tracy  FM 09315,851-988-6604x347,paullopez@example.com,6539667635
662,Kelly Lawson,115 Maxwell Spur Suite 866 East Melissafort  OR 21152,(236)629-6710,hollowaysarah@example.net,2230761535
663,Aaron Atkinson,4909 Spencer Club Ryanton  PA 94111,581-872-5478x8284,charles37@example.net,1584766137
664,Dustin Gibbs,65751 Williams Trafficway Suite 775 Port James  NV 50852,(714)955-9746x7337,amandasilva@example.com,5348412867
665,John Cline,325 Aaron Hills Candicechester  AS 98991,(222)804-8479x2839,haley07@example.org,7190977451
666,Ms. Tina Shelton,1521 Ellis Skyway Suite 572 Port Mary  AS 98638,514.411.6510,gfleming@example.net,7262395903
667,Michael Herrera,298 Taylor Groves Suite 009 Phillipfort  MH 16549,+1-269-251-0811x7127,gkelly@example.org,9438212075
668,Deanna Wagner,120 Michael Landing Joseview  GA 22242,275.543.9663x784,susancole@example.com,5272560843
669,Jennifer Collins,014 Klein Road Apt. 919 Masonville  NE 56275,9805939139,cmcconnell@example.com,5987623475
670,Anthony Williams,53434 Miller Roads Molinamouth  MO 42286,935.826.6196,matthewjohnson@example.com,8655969935
671,Mary Castro,28472 Julian Summit Apt. 176 Gonzalezview  OR 75156,2016447091,knapprebecca@example.com,4578643913
672,Michael Watkins,420 Anne Row New Johnport  IN 06496,(345)634-9485,robertryan@example.com,1415780188
673,Heather Carroll,103 Waller Overpass New Brendafurt  WY 81504,6038012964,yrodriguez@example.com,5044026739
674,Mark Jackson,PSC 3421  Box 6608 APO AP 42898,598.565.8128x709,taylormiranda@example.org,9076330786
675,Ashley Sullivan,56983 Sara Camp Suite 005 Smithview  UT 17207,(965)738-2552x5033,jamesmartinez@example.com,3855402322
676,Anthony Glover,293 April Forges Suite 661 East Thomasfurt  GU 22098,921.334.3241x59493,imanning@example.com,6585373892
677,Stephanie Nguyen,126 Barnett Way New Daniel  PR 37069,(279)934-8992,caitlin16@example.com,9574058016
678,Karen Mcclain,08135 Tucker Rue Apt. 372 East Kimberly  CT 72379,582-946-5258x782,david40@example.net,2002865848
679,Dylan Wong,3190 Juarez Station Riceburgh  OK 54972,645-540-7946,kathryn16@example.com,3493924118
680,Caleb Bonilla,Unit 3461 Box 0681 DPO AP 05943,400-439-3023x349,jserrano@example.net,5284860412
681,Elizabeth Warner,77655 Torres Locks Apt. 887 Chasechester  CT 87882,(821)415-7385x230,hooperstephanie@example.net,9220557930
682,Wendy Fritz,620 Colton Isle Suite 288 Comptonmouth  NC 63808,(654)470-0003x52425,danielmichael@example.com,8821951816
683,Charles Cox,20159 Choi Rapid Susanton  IL 31855,622-534-2037,courtney72@example.net,8360111091
684,Kelly Chase,06927 Ashley Park South Melissatown  TX 61821,868.424.5211x48875,johnjohnson@example.com,2398928025
685,Robin Navarro,4174 Padilla Corners Suite 789 South Markland  OH 95141,953.999.8543x043,jamesjohnson@example.net,4943901087
686,Ruth Buckley,7191 Michael Viaduct Millerton  FL 17062,+1-263-559-3873,hickspatricia@example.com,3548533702
687,Henry Davis,1566 Howard Pike North Nicholasfurt  MN 09456,(571)475-8997x557,shannon87@example.net,7743999428
688,Gina Bradley,14753 Deborah Square Lake Laura  PW 56478,(747)283-4782,tiffany14@example.org,4877949688
689,Brandon Reeves,47026 Makayla Forest Nathanland  WY 71014,001-872-710-6430x1280,robertallen@example.org,1526748911
690,Haley Berg,2768 Rodriguez Mission Apt. 428 Loriburgh  MA 36427,001-983-991-2745x8036,richardhanson@example.net,9994632830
691,James Morris,423 Adkins Islands Apt. 771 Maryberg  ID 64146,784.583.3036x70690,qmcdonald@example.org,9155487008
692,Felicia Douglas,8626 Smith Roads Apt. 678 Port Michaelport  TX 98099,926-260-4731x99922,mendezmarc@example.com,9870893998
693,Robert Reynolds,Unit 8133 Box 3138 DPO AA 36847,878.808.8406x08376,joshua77@example.com,7348264750
694,Billy Richards,20063 Christopher Ramp Apt. 803 West Andrewport  AZ 60190,(462)930-1733,douglas25@example.net,1258520731
695,Donald Flores,262 Christopher Knoll Suite 495 New Jamie  MD 14972,001-520-383-0158x01893,jweber@example.org,3871877019
696,Maurice Henry,4061 Robert Fields Suite 235 East Rebeccaborough  WV 90287,766-675-0922,williammccall@example.net,2198178088
697,Caitlin Cisneros,3309 Walker Orchard Apt. 490 South Jeremy  NM 90775,+1-201-671-3012x9632,lsteele@example.org,6910337085
698,Nicholas Acosta,83541 Tiffany Wells Apt. 569 Cameronstad  HI 73293,+1-282-514-7195x7438,aedwards@example.com,7128705294
699,April Fox,861 Morris Light Woodside  WI 50498,(889)357-2124,nanderson@example.com,1109627629
700,David Armstrong,9177 Morgan Highway Suite 506 North Wesleyland  AS 28117,992-869-0395x506,drivas@example.org,1024077539
