"id","nombre","direccion","email","telefono","tipo_de_producto"
"1","Murray  Mason and Evans","420 Crane Unions Port Ronaldshire  FM 79076","rosschelsea@example.net","+1-255-568-7924x97883","Ropa"
"2","Knight  Perkins and Johnson","601 Nunez Overpass Lake Allen  KY 69448","geraldadkins@example.com","+1-263-485-6327x1279","Herramientas"
"3","Rosales  Sharp and Johnson","2379 Gonzalez Lights Suite 307 Bowersberg  CO 18625","eatonheather@example.net","+1-333-774-0108x56272","Libros"
"4","Chandler Inc","818 Douglas Lodge Suite 894 Lake John  AS 48618","brett40@example.org","001-807-829-7757x269","Deportes"
"5","Gill  Martinez and Howe","2449 Thompson Rest Flemington  GU 64746","ivanking@example.net","(562)754-1413","Jardineria"
"6","Crawford and Sons","51694 Cruz Fall New Gregorystad  NH 37767","moralesfrederick@example.org","001-550-640-2312x92909","Juguetes"
"7","Morgan  Williams and Flowers","0503 Pierce Hollow Suite 586 Johnmouth  VT 65971","fsullivan@example.net","001-896-200-4131x00338","Belleza"
"8","Padilla-Watson","7306 Wilson Manor Suite 475 Christopherfort  TN 16067","fisherdenise@example.com","(759)975-9508x7858","Muebles"
"9","Ortiz-Velazquez","6831 Pamela Lodge Kellyfurt  PW 04734","suzanneunderwood@example.com","001-507-816-0674x87202","Jardineria"
"10","Daniels LLC","3495 Singh Springs Suite 884 Marshville  SD 09167","calexander@example.net","001-221-619-7254","Deportes"
"11","King Group","777 Peck Shoals Apt. 095 Marshallville  IL 99511","jenniferparker@example.com","(801)524-5323x13339","Electronica"
"12","Harrison and Sons","253 Dennis Bypass Apt. 426 Thompsonstad  RI 96834","allenlee@example.org","933.800.2413x14049","Jardineria"
"13","Christensen-Kennedy","058 Christian Dam Waltontown  NY 66856","haleysmith@example.com","955.471.6130x273","Jardineria"
"14","Zhang  Foster and Huffman","25147 Christopher Brook North Luisborough  IL 92848","alexanderwright@example.net","731.570.1613","Libros"
"15","Morris-Charles","904 Teresa Spur East Michael  AL 83446","justinmurray@example.net","+1-727-533-5204x4624","Electronica"
"16","Avila and Sons","3343 Amber Heights Apt. 758 Lunaport  PW 02136","gloverwilliam@example.org","453.545.5300","Muebles"
"17","Martin-Yoder","14667 Michelle Station New Michellefort  NH 82512","victoria98@example.net","3939724171","Belleza"
"18","Davis  Blair and Ayala","PSC 7263  Box 0447 APO AP 97158","campbellariel@example.com","(250)325-4006x981","Juguetes"
"19","Ferguson-David","85136 Rodney Expressway West Michael  MT 76232","rodriguezdevin@example.net","669-598-4677","Jardineria"
"20","Cook Group","37518 Harris Common Apt. 959 Smithbury  ME 94391","howellrichard@example.net","452.538.1027x494","Herramientas"
"21","Williams-Hancock","311 Christopher Trail Apt. 490 South Ryantown  MO 30109","mariahicks@example.net","(228)680-1176x558","Ropa"
"22","Graham  Yu and Silva","625 Cynthia Row Apt. 860 Lake Philipshire  CT 24521","emckinney@example.net","(922)685-6159x61232","Alimentos"
"23","Williams-Norris","045 Bates Tunnel East Scottmouth  OR 11440","joseph83@example.org","(669)795-7230","Belleza"
"24","Gray  Scott and Moreno","690 Zimmerman Inlet Port Tammytown  CO 52531","teresa28@example.org","766.888.6638","Alimentos"
"25","Brown-Abbott","99969 Walters Hill Douglasville  VT 91661","dawn90@example.com","001-216-834-3853x785","Deportes"
"26","Gibson-Brooks","300 Lori Crescent Suite 015 Johnsonport  NJ 25843","ljones@example.net","712.912.0331","Electronica"
"27","Villegas LLC","0091 Dorsey Trafficway Suite 611 Wangmouth  WA 40968","diazmichael@example.com","981-976-4471","Electronica"
"28","Blankenship Ltd","08150 Martin Plain Suite 945 North Kristenmouth  GA 37389","wrightbrian@example.org","541.687.0527x5264","Herramientas"
"29","Taylor  West and Smith","948 Jane Prairie New Rebeccaport  OH 36114","jimmygarrison@example.org","001-569-420-7613x5955","Electronica"
"30","Moody and Sons","11193 Andres Branch Suite 179 Stewartmouth  VA 55928","mariahchavez@example.org","4575566085","Belleza"
"31","Jennings  Reeves and Barnes","0074 Haynes Ford Apt. 032 Clarkton  OK 56784","rowens@example.com","(721)831-9010","Ropa"
"32","Hayes  Bradley and Harrington","4660 Maynard Trail Apt. 244 South Stephen  TX 90156","uhernandez@example.net","605-964-9453","Deportes"
"33","Bailey  Quinn and Alexander","438 Sandra Village Suite 995 East Megantown  OH 95779","littlekelly@example.net","(373)509-4901","Muebles"
"34","Cooper and Sons","12106 Cruz Bypass Suite 144 Kaitlinhaven  AS 33619","ythomas@example.com","872.779.5502","Juguetes"
"35","Barrett  Melendez and Woods","023 Vaughn Trail Suite 892 Rachelside  MH 84494","margaretle@example.com","432.758.5268x9946","Alimentos"
"36","Lee  Barry and Harmon","179 Amy Forges Apt. 167 South Brittney  NM 04196","jramos@example.org","+1-954-950-0582","Alimentos"
"37","Salas  Brennan and Wang","5308 Mccullough Flat Jeremyshire  MS 95328","josemoore@example.net","361-209-0226x45439","Alimentos"
"38","Nguyen  Wiggins and Smith","55642 Heather Plain Wattsstad  IN 12351","calvinrasmussen@example.net","+1-375-271-1652x59625","Electronica"
"39","Brown Ltd","34390 Edwards Valley Apt. 188 South Laura  MT 51206","charles56@example.com","001-504-666-8093x52482","Herramientas"
"40","Hill  Price and Hooper","238 Hunter Port Apt. 537 West Tiffany  NE 11636","frances04@example.net","687.646.6218","Alimentos"
"41","Branch  Owen and Hughes","501 Cain Turnpike Apt. 138 Wendybury  IA 32671","brownrichard@example.net","(454)698-6124x3379","Alimentos"
"42","Owens Inc","4641 Brandon Prairie Apt. 067 East Kristinaview  NM 96343","adamgarcia@example.org","+1-503-709-1900x694","Deportes"
"43","Jacobs-Wilkins","95968 Maldonado Inlet Suite 917 North Jared  VA 28079","sherri33@example.net","(626)300-6223x73911","Juguetes"
"44","James  Perez and Cox","379 Kevin Fords Suite 607 New Isabella  OR 89175","staciebrown@example.com","(414)499-1803x830","Alimentos"
"45","Kent LLC","937 Patrick Court South Alexisshire  UT 05122","lbrandt@example.net","473-936-6982x20116","Electronica"
"46","Bailey-Garcia","45491 Rebecca Inlet Acostaton  WI 32598","xrichards@example.net","884-393-9031x327","Deportes"
"47","Bailey-Garrett","17535 Craig Key Apt. 846 Stacystad  SC 47885","nicolebarrett@example.net","528-692-3769","Electronica"
"48","Whitaker-Lopez","893 Charles Curve Suite 239 East Alexandershire  IL 90334","hmata@example.com","(980)727-5807","Herramientas"
"49","Moore-Fisher","86996 Bradley Curve East Sandra  MN 16064","dnunez@example.net","430-511-7200","Deportes"
"50","Edwards  Benton and Johnson","427 Robert Islands Suite 474 Jessicatown  MA 96326","pcunningham@example.net","+1-819-699-3474x75657","Belleza"
"51","Wallace-Rivera","797 Arias Harbors East Jenniferside  MO 05285","williambrown@example.net","(207)236-5463","Alimentos"
"52","Martinez-Berger","1653 Peggy Forge Apt. 031 East Nicholasville  NY 80002","frankparsons@example.com","+1-641-986-5657x63914","Ropa"
"53","Grant-Holland","3922 Dakota Streets Smithborough  MT 28560","kevin21@example.org","(723)411-1232","Deportes"
"54","Rodriguez-Williams","465 Nicole Fields Apt. 111 Port Laurachester  MI 78658","martin38@example.net","376.688.0348x2970","Belleza"
"55","Moore  Smith and Jenkins","933 Tammy Divide Cardenasshire  NY 92518","robert88@example.com","(842)646-5483x6606","Alimentos"
"56","Jimenez-Ramos","67897 David Shore Suite 529 Cristinatown  IA 55646","eanderson@example.net","001-496-818-5095x3540","Libros"
"57","Burnett  Greer and Rush","PSC 0397  Box 6686 APO AE 94293","rickybrown@example.org","(910)758-1541x943","Electronica"
"58","Barron LLC","95343 Valerie Cliff Apt. 375 Shermanborough  HI 11418","jbonilla@example.org","557-742-3510","Muebles"
"59","Paul-Hernandez","95530 Allen Motorway Suite 581 East Caitlyn  MT 64353","jeffreyhart@example.org","+1-208-904-0723","Libros"
"60","Warner LLC","4414 Phillips Springs Jennifermouth  WI 98299","suzanne27@example.org","001-488-638-6397x11785","Ropa"
"61","Guerra  Smith and Johnson","15585 Todd Lake Martinezstad  RI 23608","charleswu@example.org","920-426-1352x6876","Deportes"
"62","Perez  Fletcher and Carney","1130 Hall Mountain Mcgeeville  ME 88617","jeffreymccullough@example.net","7324915347","Muebles"
"63","Sullivan  Sloan and Cook","43617 White Haven Suite 157 East William  PA 61347","daisysanders@example.net","001-760-562-4652x14053","Ropa"
"64","Cooper PLC","91828 Michelle Estates Port Andreashire  WV 48204","kellywilliam@example.com","2349265237","Alimentos"
"65","Parsons  Sanchez and Gutierrez","49014 Chen Island Suite 909 Port Andrea  NV 28760","mckenziemaurice@example.net","706-271-0398","Ropa"
"66","Le  Schneider and Cox","541 William Place Port Rebeccamouth  ND 11410","laurenhines@example.org","+1-931-387-6362x521","Muebles"
"67","Lopez-Nelson","9753 Aaron Orchard Rodriguezland  MP 38026","amartin@example.org","600.252.7515","Jardineria"
"68","Hebert LLC","0093 Laura Shoals Apt. 375 Matthewmouth  ID 67548","perezderek@example.net","7737568380","Deportes"
"69","Nelson-Brown","2610 Hunter Flats Suite 108 Phamland  NC 81026","henryanna@example.org","524.451.9738","Muebles"
"70","Hall PLC","3449 Rodriguez Summit Suite 930 South Allen  DC 46523","craigpalmer@example.com","556-986-6579x4011","Alimentos"
"71","Garcia  Strong and Dominguez","55931 Andrew Lakes Apt. 798 Carlosmouth  OK 27307","jessica39@example.org","(377)623-6081x440","Alimentos"
"72","Peterson PLC","692 Mendoza Views East Ryan  MA 91758","laurayoung@example.com","+1-656-223-7047x504","Alimentos"
"73","Gray-King","866 Eddie Courts Garciashire  GU 54133","howardmonique@example.com","001-529-578-3317x995","Libros"
"74","Jones  Banks and Cain","0225 Le Road Apt. 141 Elizabethmouth  OH 89546","haysmelanie@example.net","(948)771-4138","Deportes"
"75","Pruitt  Harris and Dudley","236 Brandy Ville Suite 988 South Jessica  OH 95099","markfrench@example.com","+1-362-923-6107x780","Juguetes"
"76","Duran-Wong","30711 Catherine Cliffs East Sabrina  VA 02367","christina32@example.com","524.767.0373x5005","Ropa"
"77","Mcintosh Ltd","PSC 9524  Box 1983 APO AE 74902","daymarcus@example.org","549-523-3735x523","Muebles"
"78","Blevins  Christensen and Williams","579 Elizabeth Meadows Apt. 918 Davisborough  MN 32856","brucedaniels@example.com","001-465-343-5860x899","Herramientas"
"79","Holmes-Sherman","7661 Church Ville Westfurt  KS 76861","misty81@example.net","698-253-5973x31745","Jardineria"
"80","Harris-Washington","37992 Barber Wells Suite 398 Timothyland  MD 84871","austinbenjamin@example.com","001-531-252-6874x80598","Herramientas"
"81","Lambert  Johnson and Vazquez","Unit 0049 Box 3773 DPO AP 86272","ckim@example.net","+1-450-210-5520","Deportes"
"82","Ross Group","740 Reynolds Inlet Lake Jesus  WV 14168","joel17@example.net","(470)893-1186x226","Herramientas"
"83","Washington  Hayes and Brown","4272 Jackson Rest Apt. 030 Jamesside  TN 40277","donald23@example.com","+1-912-537-1288","Alimentos"
"84","Charles  Mckay and Romero","1723 Moody Ports Brandonhaven  RI 56430","kevin54@example.org","+1-862-567-1610","Belleza"
"85","Wilson LLC","805 Garcia Cove Apt. 634 North Kevinstad  OK 17362","jonesmichael@example.net","(617)292-8532x153","Alimentos"
"86","Acosta  Powers and Johnson","11350 Cordova Run Apt. 147 Hopkinsburgh  MH 71183","stephanie35@example.org","465.993.4075x7656","Juguetes"
"87","Stewart-Kaufman","5021 Anthony Mountain Apt. 623 South Richard  ND 02296","williamgilbert@example.net","(979)337-3383","Muebles"
"88","Hamilton  Allen and Hopkins","189 Shannon Trail Suite 214 Port Josephshire  ID 35535","patty41@example.org","4718613308","Electronica"
"89","Soto-Craig","0141 Harrison Roads Goodmanborough  AK 85296","coleleah@example.com","791-999-8347x914","Jardineria"
"90","Zimmerman  Richardson and Morton","3705 Lester Drive South Erinside  AK 82200","avilajerry@example.org","(904)539-8527x1838","Ropa"
"91","Page-Smith","182 Tanya Wall Apt. 814 Bryanside  AL 36122","hgordon@example.com","355.441.0492x32806","Alimentos"
"92","Weaver and Sons","50919 Jeanette Summit Suite 828 Lake William  OR 73597","ssmith@example.org","737-817-9364","Jardineria"
"93","Stevenson  Jones and Baird","4806 Castro Points Suite 439 West Charlesborough  OH 82124","ssanchez@example.net","001-606-359-2017x1497","Herramientas"
"94","Anderson-Zhang","055 Walker Divide Apt. 727 North Charles  KY 25468","ayu@example.com","+1-366-814-5633x40186","Jardineria"
"95","Thomas Inc","13145 Pope Light Karenborough  PA 79623","timothyfrazier@example.org","(734)296-3238","Juguetes"
"96","Oconnor LLC","61586 Erica Falls Apt. 317 Jennifermouth  KS 40654","steve56@example.org","(323)646-1773x8695","Jardineria"
"97","Ramirez  Duran and Stewart","61685 Thompson Course Suite 202 Williamchester  OH 74048","jacksonkelly@example.com","001-896-202-1849x5278","Muebles"
"98","Calderon-Martinez","57949 Ashley Knoll East Stephanieside  MA 75114","thomasnicholas@example.org","(432)814-3109x60632","Jardineria"
"99","Kelley LLC","5172 Roy Mission Morganfort  AR 24539","powellerica@example.net","(542)285-1399x277","Jardineria"
"100","Reeves-Ashley","2434 Manuel Estate Apt. 636 South Bob  VT 41368","deleonchristina@example.org","+1-487-871-9923","Electronica"
"101","Warren-Kim","6275 Javier Points North Zacharychester  MS 29187","davidmarshall@example.org","001-293-296-7188x4344","Muebles"
"102","Torres-Bruce","46056 Huang Gateway Suite 249 Littlemouth  MT 97727","marynewman@example.org","665.815.9186","Libros"
"103","Johnson  Chan and Powell","1121 Judy Ports Catherineview  NM 70562","garciacaroline@example.org","466-743-4540","Muebles"
"104","Jones  George and Martinez","8546 Dillon Extensions Mooreland  PW 28434","luishoward@example.net","(475)458-3041x56279","Deportes"
"105","Williams Group","937 Monica Wells Suite 345 Perryburgh  SC 74215","daniel85@example.com","+1-976-990-6415x765","Herramientas"
"106","Mccoy LLC","860 Christopher Extension Andersonport  MT 42172","chelsealopez@example.org","408-694-2149","Jardineria"
"107","Jackson Ltd","010 Wilson Manors East Davidview  VT 10108","phillipsmatthew@example.org","(672)715-7692","Ropa"
"108","Porter-Walker","457 Kim Canyon Lake Michaelmouth  MA 99278","brianreynolds@example.org","730-229-4118","Belleza"
"109","Mcdonald-Powell","0929 Ann Ways Apt. 783 Jonathanborough  HI 83233","tylerfisher@example.com","+1-758-695-6018","Herramientas"
"110","Williams  Bailey and Perez","48909 Brian Centers Browntown  IA 31945","brianawilliams@example.org","(208)310-6405x921","Jardineria"
"111","Peterson LLC","0794 Catherine Pine Apt. 894 Elizabethmouth  CO 62920","deborahaguilar@example.org","001-261-803-4625x255","Deportes"
"112","Rodriguez PLC","3067 Tara Forges New Lesliestad  NE 02761","anthonyallen@example.net","001-451-394-6624x57745","Ropa"
"113","Salazar  Murphy and Taylor","9111 Daniel Meadow Apt. 595 Jeffstad  MI 96542","englishglenn@example.com","6069079213","Juguetes"
"114","Freeman Ltd","816 Sharon Fall Lake Natasha  KY 43497","victoriasmith@example.com","+1-426-488-2766","Herramientas"
"115","Rosales LLC","USNV Coleman FPO AE 19654","nmartin@example.org","+1-521-563-8809","Jardineria"
"116","King Inc","4922 Cochran Burg East Kelseyview  VT 63253","eatonbilly@example.net","905.864.1539x829","Electronica"
"117","Caldwell LLC","307 Russell Fork Apt. 631 Port Teresa  OR 98590","rebeccaburgess@example.net","467-304-4609x2331","Muebles"
"118","Lopez  Nolan and Miller","844 Martinez Springs Apt. 017 Kristenport  CO 13471","john41@example.com","+1-679-750-3013x08062","Ropa"
"119","Henry  Hernandez and Parsons","9700 Parsons Prairie Apt. 971 New Michele  IN 38276","stephanie70@example.org","(910)605-7416x61051","Libros"
"120","Bailey-Simmons","592 Hill Springs Joshuafort  NJ 60598","utownsend@example.net","(711)796-0807","Ropa"
"121","Ortiz-Anderson","304 Thomas Highway East Jessicaville  AK 25681","yorknicole@example.com","967-752-6298x718","Belleza"
"122","Phillips-Rodriguez","971 Walters Common Apt. 822 Douglasfurt  CA 20645","melissa47@example.com","696-521-8578","Electronica"
"123","Maxwell Inc","466 Leah Court Suite 287 Jacquelinemouth  AZ 13491","jrivera@example.net","473-848-2705x461","Belleza"
"124","Garcia and Sons","4872 Jennifer Fords West Noah  VT 72082","kwalsh@example.org","288-251-2136x952","Herramientas"
"125","Morales  Hurley and Williams","31895 Jeremy Squares Farrellville  OH 83421","adam51@example.com","(764)980-1847","Ropa"
"126","Smith  Whitehead and Jackson","8148 Joseph Loop Elizabethchester  GU 45320","zparks@example.net","001-281-747-8631x997","Herramientas"
"127","Jimenez-Phelps","8251 Hill Stravenue Wendyhaven  MH 73017","meghan17@example.net","900-909-7879x5761","Muebles"
"128","Vasquez PLC","99569 Crawford Cove Matthewport  GU 86282","princecalvin@example.org","6035955420","Herramientas"
"129","Hooper-Saunders","6777 Samantha Island North Katherine  ND 75052","langmichael@example.org","+1-308-325-0932x8091","Herramientas"
"130","Robbins Ltd","0130 Perez Terrace Zacharyberg  VI 44130","maria34@example.net","955.946.4907","Jardineria"
"131","Lyons-Ashley","0024 Matthew Spring Apt. 133 South Amy  GA 31595","sparkscrystal@example.org","+1-476-409-8635x73389","Jardineria"
"132","Adams  Turner and Hawkins","Unit 1716 Box 6838 DPO AE 55608","jameshicks@example.com","001-271-349-8523x75959","Belleza"
"133","Willis Group","34834 Charles Walk Suite 859 Stewartstad  CO 86872","awatkins@example.org","001-860-544-9399x88339","Belleza"
"134","Allen LLC","059 Christina Lane Jenkinsmouth  OR 56215","robert71@example.net","(897)328-6774x7033","Alimentos"
"135","Thompson-Ortega","86102 Barnes Prairie Apt. 565 Port Patrick  IL 96909","wattsjoseph@example.net","970.637.9087","Juguetes"
"136","White-Colon","45934 Carter Knolls Suite 355 New Katieburgh  MP 67508","jonathanclark@example.com","(990)889-3702","Muebles"
"137","Duffy  Cline and Long","33566 Charles Alley Jennifertown  SC 25942","carla84@example.com","(898)608-9324x273","Alimentos"
"138","Norton  Wallace and Bryant","47679 Davis Forest Kimhaven  VI 34461","mercadocourtney@example.org","789-516-9685","Ropa"
"139","Parsons  Hernandez and Liu","71453 Avery Trail Amberstad  DC 03958","clintonfoster@example.com","001-438-732-4348x11972","Muebles"
"140","Russell  Johnson and Perez","1851 Mcdonald Junctions Apt. 908 Port Mackenzieburgh  IA 47266","amanda49@example.org","391.605.8655x853","Jardineria"
"141","Gibson Inc","43001 Douglas Centers North Codyville  VI 06833","gboyd@example.net","+1-919-290-8940x4605","Herramientas"
"142","Thomas Inc","USCGC Richards FPO AA 94648","rmorales@example.org","309.706.8272x4733","Muebles"
"143","Griffin-Brown","363 Jason Views Stephensport  DC 97552","chaneyrichard@example.com","585.617.9744","Electronica"
"144","Owen-Boyer","908 Gary Landing Port Ronaldshire  VT 92443","pearsonmichele@example.org","868.490.9592","Libros"
"145","Valdez Group","77222 Washington Viaduct Suite 755 Lake Jeffrey  IA 02562","bailey42@example.com","+1-498-338-5365x554","Libros"
"146","Cole-Drake","367 Shelly Plains Apt. 494 Carpenterville  IL 12377","johnsonnathan@example.net","001-992-364-7772","Muebles"
"147","Perez Group","25970 Gary Square East Jennifer  ME 48455","rosssteven@example.net","001-728-499-0178x327","Juguetes"
"148","Henderson  Downs and Hall","45903 Mayer Stravenue Apt. 726 East Henryside  FM 12243","heathergardner@example.com","001-744-321-4868","Muebles"
"149","Roberts-Gardner","Unit 4539 Box 9396 DPO AP 24283","rachelwilliams@example.com","955.927.4381","Deportes"
"150","Martinez-Walton","574 Johnson Freeway Apt. 503 Kristenfort  AZ 60608","kelseybecker@example.net","001-476-312-7757","Alimentos"
"151","Barnes Group","20902 Richardson Square North Susanburgh  NJ 23117","kimberlyhaynes@example.net","001-412-267-8624x18879","Alimentos"
"152","Harris-Sanchez","17692 Donald Expressway North Julieland  PR 48552","apowell@example.net","293-992-2427","Muebles"
"153","Mejia-Mathis","2938 Barbara Islands Suite 298 Zunigatown  UT 59786","ysullivan@example.com","459.739.9682","Jardineria"
"154","Delacruz  Harris and Anderson","84745 Nathan Trail Apt. 896 Madelineshire  SD 72548","caleb51@example.org","7303073894","Jardineria"
"155","Kennedy-Howard","709 Brown Walks Karenburgh  VT 26313","riverabrandi@example.com","001-403-993-5608x6240","Libros"
"156","Adams  Harrison and Richard","23373 Glover Camp Suite 252 Edwinton  OK 86508","dianadean@example.com","001-211-668-3083x925","Herramientas"
"157","Hayes Ltd","PSC 3452  Box 1944 APO AA 42820","ddurham@example.net","(425)620-9790x0172","Juguetes"
"158","Dixon and Sons","15600 Brandon Glen Apt. 896 Howardview  RI 44093","raymond03@example.net","621-533-6646x68791","Juguetes"
"159","Schwartz  Lee and Wiggins","24934 Page Rapid Suite 499 Joneston  VA 46170","douglassalazar@example.net","(843)397-4969","Alimentos"
"160","Nichols PLC","84384 Stephens Ridges Apt. 653 North David  KY 88367","sara00@example.net","(500)442-2880x986","Deportes"
"161","Moreno  Daniel and Watson","8246 Lam Roads Apt. 939 East Charlesfurt  VI 48781","matthew18@example.net","(943)936-5490","Juguetes"
"162","Gilbert Group","427 Myers Cliffs Apt. 202 Woodshire  VT 90555","pdavidson@example.com","777.802.4435","Alimentos"
"163","Young  Snow and Ford","184 Morris Canyon Apt. 309 South Lindaville  AR 80282","linda94@example.com","981-992-4087","Muebles"
"164","Lopez PLC","329 Gregory Summit Lawsonchester  WI 58997","barbara37@example.org","001-397-682-6831x0777","Ropa"
"165","Orozco-Robertson","Unit 5911 Box 9728 DPO AE 27206","margaretfisher@example.net","+1-909-730-6882","Electronica"
"166","Gordon PLC","41737 Roy Turnpike Sarahland  VT 78721","gomezkristina@example.org","804-485-3648x59198","Electronica"
"167","Larson  Estrada and Roy","02670 Stephen Row South Scottside  ID 36430","jonathanevans@example.com","2942416132","Ropa"
"168","Mccoy and Sons","739 Green Falls Samanthafurt  MD 59863","marcusmyers@example.com","872-597-6516","Jardineria"
"169","Allen Group","45205 Brandy Rest Dixonburgh  NM 72454","michaelbullock@example.net","+1-251-537-0256x358","Ropa"
"170","Henderson-Carpenter","99937 Thomas Squares Port Arthur  ID 95731","joseph26@example.com","(519)420-0097","Jardineria"
"171","Ferguson Inc","06106 Carpenter Ridges East Juliemouth  IA 20548","nholmes@example.org","541.589.6059x666","Ropa"
"172","Davila and Sons","426 Monique Trail Apt. 335 Lake Laura  WA 41288","valenciascott@example.net","822.732.3341","Belleza"
"173","Ford-Johnson","70145 Vanessa Drive Suite 892 Hayeshaven  WA 16930","tina86@example.org","873.803.3867","Muebles"
"174","Ross LLC","4919 Joseph Rapids Apt. 895 Sharonhaven  AS 43676","qcook@example.com","917.673.3353x6831","Jardineria"
"175","Lopez Group","393 Thompson Light Morganville  VA 72962","lowepatrick@example.com","001-600-860-2493","Herramientas"
"176","Compton-Waters","1303 Gray Street Suite 888 Dickersonland  PW 58633","iayers@example.org","520-461-1732x5753","Herramientas"
"177","Zhang  Bennett and Ross","5879 May Road Apt. 658 Lake Aaron  MO 28642","cschroeder@example.com","+1-751-560-7019x12612","Jardineria"
"178","Perez-Franklin","249 Woods Ridges Suite 965 South Richard  NY 83825","joel54@example.com","732.758.6550x6492","Libros"
"179","Brady Ltd","408 Navarro Way South Austinland  NJ 61322","foleysteve@example.com","001-896-454-2228","Electronica"
"180","Miller Ltd","451 Oliver Estate Laurenland  VI 04652","eric31@example.org","001-429-340-8919","Libros"
"181","Ward  Cantu and Banks","344 Watson Well Westport  AR 80207","bettyblanchard@example.org","453.610.0956x41739","Juguetes"
"182","Wilson  Zimmerman and Payne","82497 Webb Forge Frankstad  ND 67002","tina59@example.net","358.921.9619x34710","Ropa"
"183","Hull Ltd","079 Petty Via Suite 935 Lawsonmouth  TN 46861","greenchristina@example.com","+1-460-710-9051x76614","Jardineria"
"184","Guerrero and Sons","69244 Christopher Radial New Theresa  OH 85609","zgordon@example.org","544-391-4740","Juguetes"
"185","Davis  Davis and Hall","92544 Robert Walk Apt. 560 Port Brittany  AK 25194","smithmitchell@example.org","335-914-7216","Juguetes"
"186","Miles  Caldwell and Powell","744 Anita Valleys Smithland  KS 93325","anthonybarber@example.com","348-276-6703x35290","Herramientas"
"187","Faulkner Ltd","7444 Haynes Glen Apt. 483 Kellyfort  CO 53887","tpaul@example.com","001-509-291-4201x83629","Belleza"
"188","Martin-Johnson","0682 Arthur Loop Suite 559 Port Emily  AZ 92683","kathrynrodriguez@example.com","249.592.7959","Alimentos"
"189","Padilla-Smith","557 James Skyway Apt. 363 New Shelbyhaven  NV 49611","vbraun@example.org","001-748-224-5679x9803","Muebles"
"190","Newman-Mccormick","7620 Vasquez Street Andreafurt  ND 72552","diazjonathan@example.org","280-318-3070","Ropa"
"191","Barnes-Cohen","86505 Michael Inlet Apt. 221 New Richardton  DE 49951","zhoffman@example.org","001-921-377-6140","Juguetes"
"192","Johnson and Sons","889 Wright Union Stephenland  TN 70352","michaelfernandez@example.org","792.770.2948","Herramientas"
"193","Shaw Inc","82587 Michelle Grove Lake Jessicaburgh  AL 29242","taylor46@example.com","+1-453-324-6275","Libros"
"194","Reyes  Carlson and Stephens","475 Ward Via Apt. 907 New Rachel  PA 64347","debra27@example.com","(937)204-4928x83264","Libros"
"195","Stark and Sons","6404 Joseph Shoals East Kenneth  HI 80772","kevinhurley@example.net","376.725.1273","Alimentos"
"196","Austin-Garner","647 Nguyen Mission Zacharyton  PW 72278","swade@example.net","5928952797","Deportes"
"197","Stevens  Edwards and Scott","1206 Marshall Court Sarahville  AK 74156","broberts@example.org","(377)996-0598x1558","Muebles"
"198","Anderson  Jones and Carroll","7670 Knight Cove South Audreyville  NH 95499","jsummers@example.org","+1-568-260-8882x99817","Belleza"
"199","Downs  Vaughn and Steele","Unit 9421 Box 1072 DPO AP 91868","suzannerosario@example.com","+1-647-666-6784x44505","Herramientas"
"200","Esparza-Schneider","14124 Baldwin Park Apt. 836 West Dale  OR 73187","james19@example.net","(384)637-1397x9552","Libros"
"201","Meadows-Smith","2391 Diaz Ranch Apt. 336 North Karen  MN 01210","matthew99@example.com","+1-545-324-1789x0916","Libros"
"202","Dixon LLC","7895 Morton Extension Suite 047 Deborahburgh  VT 09851","mollygill@example.net","+1-212-241-6600x7586","Libros"
"203","Smith-Hill","3748 Tracy Bridge Apt. 678 West Haroldborough  VT 19736","mberry@example.com","(584)619-6721","Herramientas"
"204","Allison-Patel","36283 Steven Ville Apt. 715 Shelleyton  UT 39812","emilybailey@example.net","640.656.1056x3949","Libros"
"205","Swanson LLC","15554 Suarez Shore Apt. 786 Rangeltown  TN 47802","josephbowman@example.org","5915950993","Herramientas"
"206","Davis Group","33149 Bailey Hollow Atkinsonfort  AZ 84972","kelly76@example.org","237.239.5719x047","Jardineria"
"207","Hill-Ortiz","PSC 2532  Box 5835 APO AP 72052","christopher73@example.net","+1-569-789-3632","Ropa"
"208","Graves  Ross and Howard","653 Taylor Lane Apt. 725 South Jennifer  AS 01807","david66@example.com","898.503.8583x4506","Ropa"
"209","Thomas-Zimmerman","3200 Yvonne Mission East Anthonystad  AZ 13618","powellmichelle@example.org","863.541.8869x1217","Muebles"
"210","Campbell LLC","3349 Lee Ranch Suite 583 Debraport  AK 33587","qbright@example.org","807.473.3062","Libros"
"211","Ramirez PLC","10877 Hardin Junctions West Catherine  TN 44779","duarteamanda@example.net","+1-225-562-5018x2478","Juguetes"
"212","Smith  Jones and Mayo","PSC 9624  Box 0849 APO AP 90096","rachelsimon@example.org","801-475-5393x3730","Muebles"
"213","Hartman LLC","02031 Hughes Mission New Brandon  NC 86967","tina56@example.org","+1-542-453-5749x4218","Alimentos"
"214","Smith  Jones and Perez","26347 Amanda Motorway Port Scotttown  AK 08992","bairdlisa@example.com","329.582.7245x33877","Muebles"
"215","Giles LLC","057 Raymond Stream Wardchester  NH 62020","greenhaley@example.com","920-441-2051x682","Alimentos"
"216","Martin Group","802 Christine Island Suite 977 Sheafurt  WA 96272","angela97@example.net","670.397.3411","Libros"
"217","Smith Inc","86272 Isaiah Turnpike Suite 646 New Meredith  OH 70534","joshuacarson@example.org","710.208.6997x3205","Electronica"
"218","Edwards  Bowen and Wong","15956 Casey Land Apt. 599 North Julie  NE 27972","brenda82@example.com","282-704-0179x6411","Belleza"
"219","Ford and Sons","05670 Rodriguez Groves Justinside  PW 86507","grantclarke@example.com","+1-793-232-3915x7893","Herramientas"
"220","Walker Group","62102 Gordon Park Suite 944 Lake Carolyn  OH 54734","danielgonzales@example.org","(313)332-5146x491","Herramientas"
"221","Chase  Clark and Moore","5091 Dixon Fords Suite 854 East Jeffrey  OH 83398","robert48@example.org","745.835.5477x701","Juguetes"
"222","Fields-Stokes","748 Raymond Circle Wilsonhaven  MS 34355","oharding@example.net","207.780.1448","Herramientas"
"223","Vega PLC","61739 Richardson Center Graymouth  GA 30811","richardschristine@example.com","(606)561-0818","Alimentos"
"224","Bailey PLC","PSC 3335  Box 7042 APO AE 97160","justinjohnson@example.org","001-938-414-4973x8072","Alimentos"
"225","Thompson  Hansen and Callahan","297 Hubbard Rapid Apt. 879 Andersonstad  WV 89094","morenoerika@example.com","(885)226-5027x0230","Muebles"
"226","Thompson  Berger and Miller","3175 Michael Islands Jonesborough  ND 95951","richardenglish@example.net","001-403-577-2199x396","Libros"
"227","Mills  Freeman and Wilson","408 Morrison Plaza Suite 806 Kristaport  VT 63468","wadejackson@example.net","341.777.6036","Herramientas"
"228","Johnson  Valentine and Peterson","8651 Frank Spurs Youngview  GU 20000","justinwells@example.com","611-521-5416","Libros"
"229","Wright-Cochran","4857 Daniels Heights Kristenmouth  ND 25369","jamie05@example.com","(470)631-6298x2353","Ropa"
"230","Jordan  Jones and Snyder","6385 Mary Pike New Ashleyfurt  PA 11902","schroedercody@example.net","+1-974-712-9763x96688","Deportes"
"231","Zhang Ltd","539 Hood Prairie Suite 039 New Patricia  VI 51885","harrismonica@example.org","512-293-4760x8838","Deportes"
"232","Macias Group","5595 Tonya Manors Brownville  KS 23742","ptucker@example.com","+1-438-424-3694x088","Deportes"
"233","Keller-Bates","USS Gonzales FPO AE 43534","dorothy32@example.com","(751)523-9855","Electronica"
"234","Avila-Taylor","52135 Lewis Mission Nathanville  MT 46701","gilbertamy@example.com","(748)630-3235x49852","Alimentos"
"235","Long and Sons","88894 Jordan Summit Suite 497 Baileyfurt  MA 64415","laurenbooth@example.com","7119322821","Deportes"
"236","Stafford  Pace and Combs","3790 Mark Islands Williamsborough  GU 44160","karen12@example.com","001-398-566-8647x932","Electronica"
"237","Perez LLC","89779 Skinner Green Apt. 056 Port Suzanne  CA 31824","howellholly@example.net","(783)426-5705x7038","Herramientas"
"238","Frazier Group","USS Jones FPO AP 59434","yedwards@example.org","+1-939-547-3501","Ropa"
"239","Hayes  Rivas and Long","25849 Regina River Apt. 098 North Wendymouth  FL 21358","trevorcole@example.org","+1-902-804-8213x3329","Muebles"
"240","Stokes  Smith and Kennedy","505 Benitez Pass Apt. 673 New Matthew  NM 94823","iavery@example.org","+1-272-528-0473x9552","Alimentos"
"241","Ball  Reid and Brown","4886 Kelli Path Suite 917 Thomasfurt  MS 75895","yjenkins@example.org","8485700493","Ropa"
"242","Burke  Flowers and Palmer","10504 Clark Mount Robertland  VA 96692","jennifer24@example.net","465.435.8737x0959","Juguetes"
"243","Hernandez-Hoffman","139 Sarah Land Apt. 105 Port Stephaniestad  AK 46698","erinrichardson@example.net","596.472.6090","Jardineria"
"244","Moreno  Walker and Ellis","408 Karen Causeway Masonberg  FL 54114","sellerswilliam@example.org","001-356-497-3220x929","Deportes"
"245","Moore Inc","0981 Maxwell Track Mccallbury  FL 75002","kristenpratt@example.org","966-237-8988x280","Herramientas"
"246","Bartlett  Marquez and Kim","Unit 9510 Box 9721 DPO AP 90502","april01@example.net","593-599-3247","Jardineria"
"247","Campbell-Gilbert","62479 Tara Square Apt. 501 Bennettland  PW 55637","amber99@example.com","858.998.2703x7961","Belleza"
"248","Weber-Warner","77124 Brittany Bypass Apt. 213 Donaldburgh  VA 68140","jenniferwallace@example.org","230-204-5782x481","Belleza"
"249","Brown  Garner and Fuentes","58185 Chase Point Suite 402 Fergusonfurt  LA 15304","ramirezlarry@example.com","+1-506-820-4642x5615","Alimentos"
"250","Edwards Group","493 Linda Ways Angelaburgh  NM 46393","baileydeborah@example.net","308.985.7165","Muebles"
"251","Stephens  Patterson and Mullins","56487 Deborah Causeway Apt. 042 Port Coreyside  NM 10401","tbarker@example.org","986-326-3079x17809","Alimentos"
"252","Mendoza-Adkins","4930 Franklin Knolls Suite 912 Lake Kimtown  VT 82943","barbarahardin@example.net","711-883-6111x81018","Ropa"
"253","Sheppard Group","88145 Ferguson Estate Wigginsstad  IN 66972","mariepacheco@example.org","871.865.0955x98384","Jardineria"
"254","Davis-Chapman","5267 Ryan Alley Apt. 311 West Victoria  PW 27585","carlawatson@example.net","8738823693","Muebles"
"255","Hess-Murphy","31716 Nathan Expressway New Sarah  AZ 30259","steven81@example.net","673.948.6902x644","Juguetes"
"256","Clarke PLC","5366 Roth Lake Suite 919 Lake Katherineville  NV 34855","ijohnson@example.net","001-265-362-3542x249","Muebles"
"257","Mahoney Ltd","893 Ho Extension Suite 930 Stephenshire  DE 99860","zgonzalez@example.com","656-930-8824x0992","Libros"
"258","Tran Ltd","03596 Gomez Junction North Brian  PA 74210","kellyjames@example.org","+1-386-958-3266x01111","Electronica"
"259","Valencia  Miller and Anderson","98216 Ronald Fords Suite 607 North Kyle  NM 73389","christinebrown@example.com","255.360.0717","Juguetes"
"260","Page Inc","94752 Jackson Streets Smithmouth  MN 35176","hannahchandler@example.com","(934)361-0080x224","Belleza"
"261","Jones-Jackson","172 Golden Field Jordanside  VT 16763","mooneyjustin@example.org","877-503-3208x288","Juguetes"
"262","Murphy  Humphrey and Kemp","315 Jennifer Creek Suite 170 Murphyburgh  VA 19360","stephanie46@example.org","+1-399-690-0986","Ropa"
"263","Reynolds PLC","7806 Martin Overpass Apt. 751 Norrismouth  RI 95023","ealvarado@example.com","(737)803-8771","Muebles"
"264","Murray Ltd","263 Barnett Burg West Christopherport  MS 19346","aanderson@example.com","001-666-269-0878x2015","Ropa"
"265","Ayers  Chapman and Soto","98076 Howell Junction Suite 000 Thomasmouth  AZ 78550","rioslinda@example.org","001-658-862-1854x950","Jardineria"
"266","Nichols-Perkins","363 Beltran Corners Lorifort  AK 48389","cummingseric@example.org","+1-872-844-3203x4949","Alimentos"
"267","Morris  Odonnell and Mcknight","5091 Dawn Forges South Joshua  VI 63789","travis64@example.org","681.644.4303","Muebles"
"268","Hernandez  Williams and Gonzalez","USCGC Blake FPO AP 64530","smithshelby@example.com","992-391-8738x3765","Electronica"
"269","Roberts and Sons","6998 Kristina Road Apt. 864 East Reginald  WI 50668","briannajordan@example.net","6645013947","Alimentos"
"270","Owens-Maldonado","272 Stanley Rapids Dylanfurt  ND 10227","heatherbriggs@example.com","001-952-803-0189x144","Jardineria"
"271","Bryant  Krause and Simon","426 Wilson Port Apt. 430 Freemanbury  MT 01160","uewing@example.com","(454)222-6886","Libros"
"272","Preston Group","PSC 6352  Box 2484 APO AA 03284","angelhenry@example.net","307-724-1437","Jardineria"
"273","Clark and Sons","0599 Chapman Wells Suite 167 Lake Erica  TN 87181","thomas80@example.org","+1-623-863-8081x817","Ropa"
"274","Henry-Mills","39079 Katelyn Motorway Dayland  VT 75595","mhurst@example.net","(739)805-0598x87312","Electronica"
"275","Williams Ltd","49581 Newman Pike East Diana  IN 61247","lynchjoseph@example.net","975-445-8354x664","Juguetes"
"276","Page and Sons","16130 Kaitlyn Springs Apt. 407 Veronicaville  DE 53904","dgill@example.com","873-423-5497x6825","Libros"
"277","Little Group","359 Manning Valleys Apt. 208 Port Steven  GA 17316","ejones@example.com","(796)434-6081x68439","Jardineria"
"278","Walters-Reid","07486 Angela Valley Lake Williamchester  MP 90132","ncontreras@example.org","868-537-4881","Juguetes"
"279","Waters and Sons","079 Zachary Stream New Margaretville  AK 23086","thompsonwilliam@example.com","(997)834-5982","Juguetes"
"280","Goodwin Inc","3048 Jennifer Path Apt. 112 Jaredmouth  SD 49572","brownanthony@example.net","7067889173","Ropa"
"281","Mccarty Group","8083 Allen Rapid Francismouth  ME 13994","williamsjames@example.org","(533)478-0815x0621","Alimentos"
"282","Thompson  Cook and Lewis","USS Marks FPO AA 68205","qromero@example.com","449.826.5456x142","Ropa"
"283","Martinez Inc","834 Gray Ville Mariaton  AK 69251","troy69@example.net","7709506235","Ropa"
"284","Barker  Elliott and Esparza","054 Michelle Glen Apt. 006 Kevinshire  DE 60461","kathleenfaulkner@example.net","867.415.9617x4889","Juguetes"
"285","Torres Inc","9674 Jessica Ferry Suite 721 Lake Julie  HI 21835","andrea74@example.org","+1-542-221-3577x6908","Jardineria"
"286","Graham-Hull","52244 Heather Lights Shawton  MO 21956","gregory34@example.net","(991)669-0209","Belleza"
"287","Hanson-Smith","045 Ortiz Street Apt. 729 Cookfurt  VA 88030","meghanhernandez@example.com","8779306430","Libros"
"288","Blackburn-Sanchez","3433 Daniel Burgs New Georgeland  MN 70416","jasmin79@example.com","685.935.3875x5227","Muebles"
"289","Orozco-Wise","79480 Larry Plaza Suite 242 Josephside  MD 75113","psmith@example.com","721-862-0559x7114","Belleza"
"290","Stephens  Greene and Hines","3544 Roberts Walks Lake Jamesside  OR 19406","fgardner@example.net","(959)241-2579","Jardineria"
"291","Jones  Combs and Shields","184 Victoria Mills Lake Katherine  KS 22027","pricekimberly@example.org","+1-751-655-7245x043","Juguetes"
"292","Lee-Brooks","904 Alan Drive Suite 775 Port Ericport  VT 20212","christian87@example.com","9753720169","Juguetes"
"293","Stewart-Edwards","3754 Perkins Parkway Suite 691 West Antoniochester  MH 84484","pharding@example.com","390-366-9858x249","Jardineria"
"294","Lopez-Hill","08214 Ryan Drives Port Joshuaside  VA 46693","salasclinton@example.org","780-529-7049","Jardineria"
"295","Brandt-Cunningham","7241 Young Extensions Apt. 540 Port Stevenstad  NH 14360","victoria58@example.com","001-467-332-0307x44853","Muebles"
"296","Wilkinson-Rivas","32146 Nicole Forge Russellview  MT 27110","kathleencastillo@example.com","602.507.6915","Belleza"
"297","Neal PLC","9930 Tyler Curve Suite 407 Tonyberg  WI 20205","ktaylor@example.org","001-872-483-7400x958","Deportes"
"298","Rodriguez  Reynolds and Gibson","6864 James Spur Garcialand  HI 01500","chasebarber@example.net","001-288-276-5167x00241","Deportes"
"299","Miller Ltd","96121 Timothy Mills Apt. 704 Haroldfort  ND 06468","iparrish@example.org","277.337.4573x47952","Belleza"
"300","Smith-Delacruz","56788 Reyes Crossroad Bartonstad  CA 34281","coxbreanna@example.net","948.633.5102x998","Belleza"
"301","Barnett  Hamilton and Mills","9814 Jessica Square Suite 376 Lake Candiceland  NC 46893","jennifergutierrez@example.net","(956)577-6984x8851","Alimentos"
"302","Roberts LLC","Unit 9483 Box 6171 DPO AE 44009","nancywagner@example.org","7997713435","Deportes"
"303","Dean  Garcia and Mclaughlin","910 Kim Burg Weissside  MD 90210","halesteven@example.com","+1-273-654-9290x653","Muebles"
"304","Butler-Wilson","74856 Wilson Meadow Hudsonbury  OK 41520","jonesalan@example.org","+1-438-948-0786x25412","Jardineria"
"305","Thompson  Dominguez and Patterson","2966 Kaitlyn Knoll Kerrifort  WY 78822","frankscott@example.net","+1-901-825-2615x32396","Juguetes"
"306","May  Payne and Pena","3194 Matthew Gardens Apt. 873 Ellisstad  NM 73213","ysosa@example.org","+1-867-755-0184","Alimentos"
"307","Ritter LLC","3225 Solis Way Suite 871 Woodsside  MP 00709","jason50@example.com","001-899-234-8652","Alimentos"
"308","Chavez  Brown and Rodgers","173 Esparza Avenue Stephaniefort  MS 77891","sampsonthomas@example.com","+1-902-675-2040x75563","Muebles"
"309","Webb-Austin","8022 Timothy Drive Hernandezland  PA 63120","tim61@example.com","574.752.0241x39944","Jardineria"
"310","Carpenter LLC","PSC 6256  Box 7334 APO AE 31455","petersonkurt@example.org","(721)619-3833x3716","Alimentos"
"311","Collins-Higgins","14349 Carter Club Suite 849 North Andrewborough  MT 55618","patrick93@example.net","(349)922-4492x423","Juguetes"
"312","Blair  Smith and Cobb","552 Rios Center Suite 061 Roberttown  WI 81817","billykelly@example.net","823.662.9414x65575","Electronica"
"313","Gutierrez-Gordon","12614 Diaz Unions New Brent  VA 10962","stevensvickie@example.org","001-356-921-8353x993","Herramientas"
"314","Moore-Gray","7765 Torres Prairie Lake Ronaldville  NV 40122","qhouse@example.com","001-240-620-4484x2609","Muebles"
"315","Briggs and Sons","633 Burnett Stream Apt. 021 Hamiltonchester  AZ 68544","idavis@example.org","+1-645-395-7728","Herramientas"
"316","Hernandez  Watts and Aguilar","5369 Cooper Light Wrightville  IA 30211","welchdavid@example.net","001-609-720-8060x921","Libros"
"317","Foster-Morales","7472 Simmons Branch East Brianastad  VI 95905","hsullivan@example.com","001-752-679-5382x2005","Jardineria"
"318","Johnson-Wright","583 Mcknight Knoll South Michael  GA 57465","clarkterri@example.org","(334)802-4866","Alimentos"
"319","Reese  Steele and Lloyd","05266 Brown Well New Susan  PA 16397","mbyrd@example.org","289.924.0257x3609","Electronica"
"320","Owens-Lopez","09626 Samantha Throughway Apt. 809 Port Lori  AL 13265","yatessteven@example.com","2857590566","Electronica"
"321","Camacho  Dyer and Sullivan","203 Scott Inlet Apt. 369 Mendezfort  KY 54302","scottpowell@example.net","001-735-293-3794","Muebles"
"322","Mitchell Inc","674 Rogers Crossroad Lake Shawn  MP 64443","suttonmaria@example.net","001-688-280-6569","Jardineria"
"323","Cox PLC","077 Andrew Green Lake Richardmouth  RI 89314","fraziersamantha@example.net","229.543.0144","Muebles"
"324","Stanley  Jacobs and Morales","07536 Gary Dam Suite 447 Lake Jasmine  SC 46479","jennifer12@example.org","483.421.4477","Alimentos"
"325","Harris Group","03654 Stanley Garden Millerfurt  WV 60106","ijones@example.org","501.901.5649x91593","Alimentos"
"326","Norris  Hall and Ray","251 Daniel Prairie Morrisontown  SC 41072","kevinstevens@example.org","001-272-903-4683","Alimentos"
"327","Sanchez-Johnson","0679 Martinez Pass Velazquezhaven  MD 91133","brian99@example.net","692-307-0634x079","Electronica"
"328","Harrison  Stewart and Boyer","39448 Heather Spurs South Katherinestad  GU 51758","james81@example.com","741.894.4625x203","Deportes"
"329","Gutierrez-Griffin","168 Lauren Courts Apt. 720 North James  DE 11686","tallen@example.org","(835)616-1154x771","Libros"
"330","Burgess-Melton","PSC 9135  Box 7149 APO AE 76223","susan71@example.com","(416)407-6267","Electronica"
"331","Avila  Floyd and Wood","854 Richard Cliffs New Hunter  AK 12645","chasemichael@example.org","3577945611","Ropa"
"332","Brown-Richardson","7040 James Ford Suite 340 New Angelaborough  ME 37906","richard56@example.net","001-753-991-0071x0304","Electronica"
"333","Gentry  Joseph and White","2650 Conway Pines Lake Scott  MO 73267","marytate@example.org","512.577.4477x793","Alimentos"
"334","Stewart LLC","PSC 2261  Box 0661 APO AE 39790","joshua99@example.com","+1-475-509-2537x82033","Electronica"
"335","Murray-Wilson","164 Ashley Summit Apt. 951 West Debbie  HI 37452","eric69@example.net","001-201-462-7638x5824","Deportes"
"336","Murphy-King","77631 Alexander Extension Suite 966 New Yvonneton  ND 68198","kylemoore@example.net","944.296.7349x2802","Herramientas"
"337","David-Roman","564 Oscar Motorway Suite 425 New Jacqueline  CA 68196","alexanderolsen@example.com","282.852.6737x81681","Alimentos"
"338","Farley and Sons","46640 Kendra Circles Lake Troy  AZ 27692","waynejohnson@example.org","202-266-5195x72086","Jardineria"
"339","Sanders-Bryant","2691 Franco Shore Apt. 825 Griffinton  OR 02256","tammy28@example.org","(393)764-6535","Belleza"
"340","Mcfarland-Freeman","74322 Virginia Expressway Suite 142 East Danafort  WI 37205","leahrogers@example.com","+1-264-215-7801x812","Juguetes"
"341","Johnson-Garrett","83435 Fields Street Suite 895 South Douglasberg  NE 47461","awelch@example.org","872.832.1603x1525","Belleza"
"342","Hayes  Curry and Thompson","910 Elizabeth Cliffs Suite 720 West Matthewshire  IL 37841","stricklanddaniel@example.net","+1-586-338-6908","Deportes"
"343","Johnson LLC","853 Blevins Point East Edward  MS 72821","lindajohnson@example.com","879-784-7048","Ropa"
"344","Myers and Sons","044 Rogers Streets Kenthaven  UT 34112","juangoodman@example.net","818-327-8479x31787","Alimentos"
"345","Daugherty-Aguilar","9821 Anthony Place East Jasonmouth  PW 34268","micheleford@example.net","831.893.5351","Deportes"
"346","Singleton  Blackwell and Little","9558 Michael Groves Suite 662 Harrisonville  MO 49082","hamptoncrystal@example.com","798-208-0627","Ropa"
"347","Rogers Inc","873 Marissa Isle Apt. 593 Josephmouth  NV 73698","thomascolin@example.org","6788210488","Deportes"
"348","Schwartz LLC","27975 Mitchell Key Suite 759 South Oliviamouth  MT 32266","hdean@example.com","(647)698-9517","Herramientas"
"349","Morton and Sons","8037 Wilson Vista Janiceborough  MO 41709","joshuawilliamson@example.net","(226)284-0169","Belleza"
"350","Lynch and Sons","35657 Richardson Valley Apt. 745 North Matthewburgh  IL 64956","cynthiagray@example.com","(549)952-6514x002","Alimentos"
"351","Torres PLC","86859 Sheila Valleys East Sarahtown  AL 03089","josephthompson@example.com","(970)676-0405x8491","Herramientas"
"352","Powers PLC","8690 Shields Field Apt. 224 Medinatown  OR 03551","vcasey@example.net","(677)647-3064x61588","Alimentos"
"353","Garcia  Banks and Willis","PSC 5933  Box 2798 APO AA 35132","kyle93@example.net","(709)995-1070x68848","Ropa"
"354","Rogers Group","3674 Joseph Vista Lake Daniel  UT 12820","pgillespie@example.net","001-465-972-2671x29741","Ropa"
"355","Velez  James and Peterson","9429 Holly Vista Apt. 713 North Taylor  CO 42116","kking@example.net","+1-341-720-7333x05243","Belleza"
"356","Durham  Ward and Ford","988 Sherry Walk Bakerberg  KS 75904","vpayne@example.com","001-376-232-2529x88808","Muebles"
"357","Moran Ltd","PSC 0301  Box 1015 APO AA 33680","cynthia80@example.org","(454)518-0119","Belleza"
"358","Rowe-Duke","10206 Duke Summit Suite 293 Scottburgh  SC 39283","zcruz@example.com","(484)879-0576x542","Belleza"
"359","Noble  Mann and Smith","USCGC Lee FPO AE 78745","lopezaustin@example.org","2865388193","Muebles"
"360","Hudson-Newman","74298 Robinson Plaza Suite 514 Port Diana  MO 43583","robbinsjames@example.com","742-401-0214x97397","Herramientas"
"361","Lee and Sons","49391 Ray Mall Apt. 782 Smithhaven  AS 84868","wmoore@example.org","001-298-329-0837x499","Muebles"
"362","Mathews Ltd","189 Sandra Fields North Mistyberg  LA 25707","cindyfrank@example.org","217.765.5343x7537","Herramientas"
"363","Pena-Parker","9258 Richard Spur East Josephfurt  MH 76386","katiemoran@example.org","708-928-2251x405","Jardineria"
"364","Martin Ltd","1071 Higgins Hill Apt. 743 Gonzaleztown  SC 50368","jking@example.com","001-530-724-4511x497","Alimentos"
"365","George-Morton","799 Scott Manor Clarkefurt  IL 32005","simpsonlisa@example.org","(483)395-8037x520","Herramientas"
"366","Shaffer  Smith and Parrish","Unit 6960 Box 5582 DPO AP 29748","apatterson@example.org","375.730.9338","Alimentos"
"367","Friedman LLC","342 Brooke Drives New Jamesstad  IL 51751","jessica32@example.net","+1-742-650-0752x21109","Muebles"
"368","Nguyen Inc","9188 Alyssa Motorway North John  AS 53707","ijoseph@example.org","203.339.3962x022","Herramientas"
"369","Saunders-Johnson","11129 Andrea Trail Suite 536 New Nicole  WI 58579","rrichards@example.com","625-339-9707","Deportes"
"370","Hahn  Thomas and Bishop","0436 Amber Throughway Payneshire  TX 15242","gsmith@example.net","905.443.4349x602","Jardineria"
"371","Robinson  Lambert and Smith","59214 Smith Fords Suite 707 Dennismouth  WA 04963","lamkimberly@example.com","4294566918","Belleza"
"372","Williams-Allen","PSC 6658  Box 0762 APO AA 02630","phoward@example.org","+1-339-786-3533x954","Deportes"
"373","Riley and Sons","2088 Becker Underpass East Paulport  DC 62612","umurray@example.com","506.798.2537x936","Juguetes"
"374","Jones-Cole","931 Clark Stravenue South Michael  IL 83460","patricia21@example.net","+1-677-572-3941x717","Jardineria"
"375","Stewart-Allen","3694 Grant Rapids Apt. 689 South Stephanie  CT 21667","oriley@example.net","923-798-0581","Deportes"
"376","Wilson-Brown","0514 Munoz Place Apt. 766 West Kristopherchester  NY 39704","barbara31@example.org","(268)433-4068","Deportes"
"377","Johnson-Robinson","775 Rebecca Neck Suite 518 Aprilbury  MO 02237","meredithlewis@example.net","504.313.2101","Jardineria"
"378","Jones  Nguyen and Knight","314 Garcia Drive Port Tamarabury  MT 92780","victoria92@example.net","4995174148","Muebles"
"379","Brown-Hall","0668 Jeanette Falls Apt. 104 New Alexanderburgh  MD 82789","gloriahendrix@example.com","(978)621-2093x02469","Herramientas"
"380","Price  Webb and Simmons","PSC 5970  Box 3334 APO AA 21803","karenkelly@example.org","001-906-696-7163","Deportes"
"381","Bates and Sons","5016 Emily Common South Amandaport  WI 23247","gardnerlinda@example.org","+1-638-907-3398x17497","Muebles"
"382","Ramos-Holloway","11436 Sara Locks Suite 503 North Aaron  AR 96657","walkermonica@example.org","307.271.9984x08056","Electronica"
"383","Pope Inc","79170 Garcia Pass Apt. 485 Simmonstown  PA 14374","ehall@example.net","+1-678-936-1999x21548","Muebles"
"384","Turner-Vaughan","43936 Wilson Overpass Apt. 300 Manuelmouth  WY 84876","watsonkathy@example.com","870.712.3983","Muebles"
"385","Rowe Ltd","44091 Arroyo Avenue Loriburgh  MI 87120","cindyrobinson@example.net","(479)659-0784","Belleza"
"386","Brown Group","365 Kelley Gateway Rickeyside  MH 28449","karafrancis@example.net","001-493-252-4860","Herramientas"
"387","James  Riley and Ruiz","58893 Reyes Path Suite 767 Port Michaelburgh  IL 00647","joseph31@example.org","366.728.8748","Libros"
"388","Galloway-Castro","1078 Sims Garden Sandyton  CO 93267","elizabeth10@example.net","599-852-4160","Deportes"
"389","Martin  Velasquez and Hunt","8319 Cory Islands Suite 853 Michaelview  ID 53744","katherineramirez@example.net","(279)565-3420","Belleza"
"390","Elliott Inc","2120 Matthew Crossroad Powellmouth  OR 28600","pearsonholly@example.com","(950)620-3760","Juguetes"
"391","Day LLC","7957 Oneill Fields Emilyhaven  VI 23009","anne33@example.com","+1-654-634-6499x3938","Ropa"
"392","Moore-Reese","7718 Gonzales Wells Apt. 774 Frederickland  IL 49366","batestammy@example.net","001-322-659-8117x1066","Belleza"
"393","Navarro  Morrison and Graham","442 Katherine Land Markberg  NC 27116","jill09@example.net","001-288-870-9062","Libros"
"394","Kelley-Parker","1585 Jacqueline Villages Suite 315 Gardnerbury  PW 63246","camposleah@example.net","001-646-862-7113x489","Alimentos"
"395","Lopez-Villa","060 Philip Locks Suite 227 Burkemouth  HI 96395","elizabeth39@example.com","001-921-478-4564","Ropa"
"396","Haas-Shaw","PSC 5550  Box 3263 APO AA 61932","maria32@example.net","001-255-389-7356x548","Deportes"
"397","Smith Ltd","1067 Ford Estate Suite 221 Estradaside  CA 66588","christinewright@example.com","808-787-4407x83326","Muebles"
"398","Bruce Inc","534 Teresa Burg Apt. 893 Port Joseph  MD 29731","antoniotodd@example.net","+1-662-424-0124","Jardineria"
"399","Pacheco  Huffman and Bennett","3049 Sara Lock Keithshire  ME 33322","john48@example.net","+1-682-326-8024x18881","Belleza"
"400","Schultz  Kelly and Harris","35112 Tiffany Throughway Suite 786 Brittanybury  SC 09659","masonthomas@example.org","(921)334-8427x92412","Muebles"
"401","Powell-Gonzalez","606 Savage Streets Joshuafort  IN 83028","garysherman@example.com","(919)489-4014x842","Muebles"
"402","Rodriguez  Hunter and Sanchez","7493 Jenny Extensions Tinaland  MD 75292","jeff03@example.org","001-768-453-2192x72000","Jardineria"
"403","Dixon Inc","04537 Becker Parks Suite 465 Nunezland  PA 81164","hlozano@example.net","(410)249-7061x04818","Muebles"
"404","Fisher  Silva and Bailey","325 Jessica Squares Apt. 757 Wardland  HI 88544","mwood@example.org","564-984-3767x446","Jardineria"
"405","Rasmussen  Riggs and Evans","162 Chase Knolls Apt. 958 New Cathyburgh  PA 04465","mjefferson@example.org","+1-722-785-9662x9350","Belleza"
"406","Bailey Ltd","448 Vincent Motorway Apt. 316 Mcneilview  LA 08006","justinberry@example.net","3647331987","Libros"
"407","Kelley-Taylor","39453 Victoria Expressway Apt. 054 Lawsonport  CO 57267","emartinez@example.net","932.799.4510","Deportes"
"408","Berry-Jennings","73277 Smith Cove Lisachester  KY 23824","aedwards@example.org","965.924.5231","Deportes"
"409","Wong  Cowan and Fisher","93703 Ramirez Forest Suite 776 Evansport  UT 42857","michelleperry@example.net","495-538-2616","Belleza"
"410","Harris Inc","USS Mccoy FPO AA 16671","alyssa75@example.net","+1-909-927-4499","Libros"
"411","Mcguire  Alexander and George","916 Esparza Crescent Apt. 881 West Dennis  FL 37183","karengriffin@example.com","905-498-7163x4483","Electronica"
"412","Garcia Inc","558 Joshua Plains Hallburgh  NC 60646","michele51@example.com","+1-548-597-2664x0988","Muebles"
"413","Evans-Dominguez","57235 Tammy Green New Heatherton  KS 85160","kevintaylor@example.com","001-910-394-1833","Juguetes"
"414","Garcia  Stafford and Michael","9532 Gary Station Port Pamborough  IL 65967","colemanjames@example.net","534.815.7251x577","Deportes"
"415","Martin-Cordova","5153 Knox Stravenue Apt. 248 East Sharonmouth  IA 51964","swilson@example.org","389.820.5177","Electronica"
"416","Mills-Arroyo","59799 Christina Rapid Apt. 404 Katherineport  MA 32331","hmckenzie@example.com","(567)361-5000","Jardineria"
"417","Wilson-Owen","1041 Davidson Walks Apt. 484 Davidborough  OR 80682","aaron46@example.org","001-415-405-3900x7694","Belleza"
"418","Conley-Lopez","892 Laura Passage Apt. 814 Port Paulside  CT 53256","murrayerin@example.net","+1-875-949-3473x23863","Herramientas"
"419","Bowers  Edwards and Scott","151 Baldwin Burgs North Jenna  VI 82161","sspears@example.com","5879695449","Juguetes"
"420","Smith-Lopez","USNV Roberson FPO AA 34517","richardgarrett@example.net","857.890.0303","Belleza"
"421","Jennings Ltd","PSC 7050  Box 7731 APO AA 91534","jenniferjenkins@example.net","+1-865-442-5264x544","Herramientas"
"422","Burnett-Potts","USNS Pacheco FPO AP 93586","dale39@example.org","395.522.6379x94905","Alimentos"
"423","White-Morrison","321 Sexton Spur Apt. 634 Anthonyberg  MO 93388","jonesclaudia@example.net","3124800794","Libros"
"424","Harper-Kelley","3796 Kathy Meadow Apt. 203 West Tammieland  NJ 73212","unovak@example.com","+1-561-967-7337x86272","Alimentos"
"425","Grant  Dean and Hancock","67904 Amy Brook Suite 825 South Dylanberg  TN 63780","marcus49@example.org","236.320.9288x9743","Libros"
"426","Anthony-Dorsey","USS Lee FPO AA 11554","benjaminallen@example.net","+1-902-574-6381x992","Libros"
"427","Russell-Love","480 Benjamin Curve Kimberlyfort  GA 60691","larsonkaren@example.org","725-577-0874","Herramientas"
"428","Kennedy Ltd","89249 Moore Ways Apt. 759 West Kristenport  UT 35156","karensaunders@example.org","+1-573-444-8088","Ropa"
"429","Trevino-Moore","24704 Courtney Point Apt. 433 New Jade  NC 02070","rasmussendavid@example.com","(980)403-2135","Juguetes"
"430","Bentley-Singh","022 Mark Lights South Luismouth  AR 90085","david63@example.org","906-773-9763x66722","Alimentos"
"431","Harrison  Clark and Daniels","5191 Barber Shoals Suite 568 Perrychester  PA 64462","sonya52@example.net","(629)964-9699","Alimentos"
"432","Guzman Ltd","USS Valdez FPO AA 88297","stephanieowens@example.net","377-234-5472","Belleza"
"433","Cannon  Miller and Mcmahon","861 Rocha Shores Suite 296 Allisonhaven  NJ 43470","jwright@example.com","4388281658","Libros"
"434","Smith-Castro","27485 Lucas Mission Suite 533 Wrightborough  WV 39620","dawndavis@example.org","707-309-9033x557","Muebles"
"435","Sanchez-Reed","185 Rogers Ford Port Jennifer  UT 94839","farleyheather@example.org","210.370.9737x31526","Ropa"
"436","Rodriguez  Payne and Phillips","4968 Cervantes Villages Suite 086 Lake Zachary  OH 82444","cdunn@example.com","001-546-573-0026x720","Electronica"
"437","Mendoza  White and Jones","PSC 3083  Box 5912 APO AA 27808","nburgess@example.com","867-792-8841x8697","Belleza"
"438","Montgomery  Hunt and Lee","966 Hernandez Plains Apt. 925 West Larry  MA 65198","barbara74@example.org","399.912.2823x6124","Libros"
"439","Smith-Nixon","80784 Cole Stravenue Hughesstad  AK 61343","sotosarah@example.net","(644)711-1412","Electronica"
"440","Jones Inc","114 Caitlin Loop Suite 040 Candiceport  VT 91151","mendozamartha@example.com","777-236-0703x016","Belleza"
"441","Jimenez  Torres and Foster","210 Pamela Fields Apt. 172 Bellland  AZ 17500","gregory84@example.com","(517)428-4218","Electronica"
"442","Wright-Bradley","98186 Roger Camp North Dylanport  NM 71117","fgreen@example.com","(819)862-6191x867","Alimentos"
"443","Martinez  Hancock and Cooper","82370 Alexander Loaf Apt. 313 Barbaramouth  PW 12043","brittanydavis@example.org","+1-224-416-5467x641","Herramientas"
"444","Gray LLC","6533 Mark Walks East Eugenefort  OK 64299","harriskrista@example.com","001-550-301-7923x2364","Belleza"
"445","Matthews and Sons","956 Miller Glens Elizabethtown  UT 73055","xreynolds@example.org","4934975028","Alimentos"
"446","Horn-Wolfe","28314 Logan Wells Suite 458 Jenniferport  SD 65137","susan34@example.net","+1-656-617-7741x7279","Deportes"
"447","Cummings-Thomas","14443 Maria Walk Suite 761 Cooperberg  CT 35417","susanwatkins@example.net","541-984-2893x095","Deportes"
"448","Young  Schmidt and Hanson","287 Griffin Glen South Tamifurt  AZ 02428","fhernandez@example.org","655.299.9148","Ropa"
"449","Strickland  Simpson and Solis","04440 Barnes Plains Anthonyland  AR 33274","payneraymond@example.net","362.331.4203","Alimentos"
"450","Lopez Ltd","315 Stephanie Fields New Michaelborough  VT 52496","montgomerysarah@example.com","(847)505-9327","Deportes"
"451","Spencer and Sons","683 Cardenas Roads New Frank  SD 66914","cindy14@example.com","2032629842","Juguetes"
"452","Ewing-James","629 Meyer Grove Suite 548 Alyssaside  WY 41994","smckinney@example.org","+1-425-435-6752x39135","Alimentos"
"453","Hatfield  Carlson and Morton","310 Steven Circle Port Timothy  ME 34989","bsutton@example.org","534-363-5749x58064","Jardineria"
"454","Noble  Powers and Jones","2593 Bruce Circle Port Nicolebury  WY 36597","yadams@example.com","(785)600-1103x674","Muebles"
"455","Hudson  Williamson and Guzman","02483 Williams Plain Suite 867 Calderonmouth  FL 15997","christopher56@example.org","001-236-630-2765x65764","Deportes"
"456","Moore  Randall and Mcgee","66133 Maddox Estates Apt. 995 Port Ashleyview  PR 27630","stephen18@example.com","755-971-9433","Belleza"
"457","Austin Group","1235 Jeffery Trail Jeffreytown  MN 34783","philip47@example.org","844-406-2405","Jardineria"
"458","Garcia and Sons","17957 Mark Tunnel South Thomashaven  KS 89964","vcook@example.org","(779)617-5476x14343","Electronica"
"459","Nichols  Daniel and Nichols","60074 Samantha Dam New Chloeborough  AL 77330","castrolisa@example.com","250.852.5392x0785","Libros"
"460","Campbell and Sons","014 Adkins Viaduct Apt. 895 Port Sarah  NY 61411","bbrown@example.org","001-538-523-8983x905","Muebles"
"461","Shields and Sons","177 Amber Freeway Apt. 773 Port Jenniferhaven  OH 85990","christopher15@example.net","(865)247-6702","Muebles"
"462","Johnson-Jennings","USCGC Blake FPO AA 79006","ian57@example.org","7396294312","Muebles"
"463","Villanueva Ltd","59445 Crystal Forks Whiteheadport  WA 73575","egonzales@example.org","001-331-592-3667x66421","Electronica"
"464","Perkins-Campbell","77304 Andrew Brook North Kelseyborough  AS 30053","hendersonshelby@example.net","807.927.0474x7448","Herramientas"
"465","Gray-Padilla","6973 Bush Grove Apt. 539 Lawrenceland  FL 48384","qwise@example.org","+1-709-903-1500x16822","Juguetes"
"466","Norman  Thornton and Bowen","81796 Evelyn Lake West Hayley  KY 59089","navarrodawn@example.net","(685)686-3474","Herramientas"
"467","Salas-Baker","22189 William Mount Suite 460 North Williamville  KS 66814","pthompson@example.com","+1-412-233-9812x593","Jardineria"
"468","Ellis and Sons","860 Wallace Expressway Suite 161 Lake Jennifer  NC 77819","barryjackson@example.org","867.677.3621x736","Juguetes"
"469","Keller PLC","PSC 9048  Box 2386 APO AA 82230","perezdavid@example.net","964.282.1723","Alimentos"
"470","Graves-Gallagher","7443 Murray Village Suite 774 Port Dorothy  IN 98802","suarezmichael@example.com","(336)909-3580","Jardineria"
"471","Collier-Wilcox","5659 Padilla Locks Jonestown  MI 52226","michael77@example.com","(312)576-4365x83874","Belleza"
"472","Johnson  Suarez and Gibbs","94852 Dwayne Glen Apt. 231 Port Austin  KY 70077","abigail57@example.com","987-251-3660x1529","Muebles"
"473","Livingston-Hahn","171 Moon Keys Suite 238 Smithton  SC 34722","griffithshane@example.org","+1-666-269-7490x48287","Electronica"
"474","Hanson Group","288 Singh Isle South Janicestad  KS 91568","ashleyfisher@example.com","731.247.9779x914","Electronica"
"475","Bates Ltd","33744 Ryan Curve Apt. 517 North Theresamouth  TX 93430","sandycooper@example.org","(625)992-7814","Belleza"
"476","Harmon  Lawrence and Suarez","7664 Garcia Crescent Cruzport  SC 29533","patty40@example.org","(642)318-8378","Alimentos"
"477","Smith-Reed","7352 Maldonado Lakes Robertsfort  NV 27428","matthewbaldwin@example.com","348.563.8148x7275","Libros"
"478","Shaw-Steele","18131 Wolfe Court Suite 044 Christinaborough  NJ 66769","velezandrew@example.com","+1-951-761-0622x543","Herramientas"
"479","Fitzgerald  Butler and Palmer","93204 Robin Way Suite 183 Lake Vanessabury  DE 29608","melissablack@example.com","436-719-9874x3278","Libros"
"480","Anderson LLC","USNV Spears FPO AE 94077","michaellin@example.net","(441)898-7899","Belleza"
"481","Jones PLC","22219 Michael Creek Apt. 866 East Joshuaside  VI 75282","rogerskathleen@example.org","+1-663-359-6439x6116","Ropa"
"482","Francis Inc","30396 Sanchez Locks Kimberlyfort  LA 07412","anthonyhall@example.net","381.608.4049x9532","Libros"
"483","Peterson  Bowen and Nelson","PSC 5355  Box 0845 APO AA 68786","karen95@example.net","(415)882-8868","Deportes"
"484","Patel and Sons","184 Tracy Estate Ricardohaven  AL 35957","dmassey@example.org","+1-766-981-8546x09592","Electronica"
"485","Fitzpatrick  Ellis and Evans","PSC 2295  Box 9446 APO AE 91450","sthomas@example.com","761-821-0644x68483","Ropa"
"486","Burnett  Castro and Williams","73284 Melendez Fork Suite 130 South Jacob  MN 04552","fosteranthony@example.com","(841)814-4271x124","Herramientas"
"487","Carr Inc","217 Frederick Summit Suite 631 Nicoleshire  ME 81368","stewartanita@example.com","001-309-319-3675","Belleza"
"488","Ellis  Baker and Allen","471 Rebecca Wells Calhounstad  NM 93316","leonmichael@example.net","001-427-757-2718x33275","Belleza"
"489","Gordon  Thomas and Diaz","46578 Christine Estates Suite 200 Myersmouth  MS 38815","valerie54@example.com","001-438-649-8960x79417","Jardineria"
"490","Todd  Gibson and Rodriguez","585 Michelle Point East Brian  VI 06832","cherryjose@example.net","9545568666","Alimentos"
"491","Hughes Inc","5132 Mark Divide Apt. 746 Lake Amanda  RI 69585","nielsentyler@example.com","+1-379-952-4108x536","Belleza"
"492","Adams Inc","64305 Megan Isle Apt. 739 New Christopher  ND 93429","keith86@example.com","(807)969-6615","Electronica"
"493","Stanley Inc","Unit 6202 Box 7936 DPO AA 27219","susan16@example.org","6893233272","Electronica"
"494","Chavez  Campbell and Carroll","PSC 8438  Box 5349 APO AP 88108","leetaylor@example.net","+1-803-646-0450x91200","Herramientas"
"495","Miller-Manning","861 Anna Extension West Shellybury  MD 79606","thompsonjacob@example.net","501-549-3819x880","Libros"
"496","Johnson-Smith","4497 Reyes Junction New Adam  IL 60909","kathy37@example.org","900-680-0225x1504","Muebles"
"497","Romero-Mckenzie","7778 Julie Fall Apt. 938 Byrdtown  ID 83596","zdavid@example.net","2744514035","Herramientas"
"498","Brown-Rogers","9878 Lawson Trafficway Apt. 988 West Henryborough  NV 33686","jenningsdeborah@example.net","838.703.9433","Libros"
"499","Pham and Sons","Unit 3961 Box 3173 DPO AP 64908","tanyamiller@example.com","752-304-7512","Muebles"
"500","Williams and Sons","6882 Jeremy Center South Morgan  NJ 74295","mary67@example.net","273-502-9463","Electronica"
"501","Guzman  Mckinney and Griffith","3866 Jones Dam Apt. 198 Ericside  NH 82920","jamesjennifer@example.org","+1-807-862-3639x0641","Belleza"
"502","Brooks-Williams","21291 Andrew Squares West Kellyview  IL 31656","rhayden@example.com","001-448-904-5979x38327","Belleza"
"503","Jackson-Buckley","5150 Robinson Stream East Elizabeth  PR 03136","princeadam@example.org","(891)883-0874x0802","Alimentos"
"504","Baker-Rodgers","226 Brooks Cove Apt. 875 Nelsonchester  NJ 19968","davidsondebra@example.com","+1-420-497-4865","Deportes"
"505","Andrade Group","42586 Amanda Valley Suite 843 Andrewtown  IA 55802","fernandezmichael@example.org","767.651.1495x667","Libros"
"506","Hudson  Kane and Oliver","PSC 2541  Box 6358 APO AE 18547","ifigueroa@example.com","415-602-5933","Herramientas"
"507","Wilcox Group","51390 Lozano Passage Suite 915 Romeroport  DC 30784","charles50@example.org","001-910-406-5129","Libros"
"508","Mason PLC","897 Christy Loaf Apt. 449 Port Helenborough  NV 02537","ajones@example.org","874-639-1285x402","Libros"
"509","Smith-Kelly","94264 Duane Wells Maryview  CT 95278","juanparker@example.org","819.998.2483x808","Jardineria"
"510","Young Inc","17115 Henderson Manors Apt. 869 Williamtown  GA 64145","laura38@example.com","(418)689-9837x3177","Libros"
"511","Oliver  Alvarado and Craig","35472 Krystal Junction Apt. 486 Perrychester  KY 87668","toddsimon@example.com","(307)643-6254x5723","Juguetes"
"512","Holmes PLC","839 John Gateway Apt. 891 Obrienburgh  SC 83308","speters@example.com","5686909385","Electronica"
"513","White-Henry","7245 Daniel Hills Keithton  OR 44032","larrylittle@example.org","+1-756-660-3417x18868","Libros"
"514","Ponce  Warner and Powell","2438 Perkins Squares Suite 630 Perrybury  GA 25830","davisjohn@example.net","(604)881-0789","Electronica"
"515","Baker  Taylor and Sanchez","7091 Lewis Rapid Suite 458 Bellfort  IL 23171","brendan27@example.org","294-653-9587x710","Alimentos"
"516","Martinez and Sons","22178 Castro Summit Apt. 081 East Latoya  MI 38611","sjackson@example.org","546.398.7634","Ropa"
"517","Davis-Wolfe","27772 Singleton Lights Suite 941 Lake Nicolasview  MA 04606","meagan69@example.com","333.418.9719","Belleza"
"518","Payne-Fischer","96315 Thompson Cliff Apt. 318 Reginahaven  CA 83603","rgardner@example.org","430.640.6838x1408","Muebles"
"519","Miller-Carr","726 Scott Mission Suite 830 Smithburgh  FM 02214","robin13@example.com","+1-504-381-7986","Deportes"
"520","Freeman  Morgan and Martin","959 Williams Loaf Apt. 298 Port Carolburgh  VT 09282","zlewis@example.com","001-503-309-2367","Alimentos"
"521","Martin-Luna","77354 Snyder Corner Travisshire  VA 26607","rachael73@example.net","(984)836-8345x0887","Belleza"
"522","Kennedy  Sheppard and Murphy","572 Stephen Summit South Christinashire  KY 24212","joseph48@example.net","001-271-669-3718x09470","Ropa"
"523","Greene and Sons","82745 Reyes Village Apt. 902 Sarahside  MH 09888","nhorton@example.net","001-247-342-4499x4832","Ropa"
"524","Miles-Miller","8992 Dickerson Plains Suite 063 East Keithstad  VA 71741","william83@example.com","(791)765-1634","Jardineria"
"525","Randolph  Bennett and Brandt","4840 Simmons Point Apt. 571 South Edwardhaven  VA 26347","campbelltara@example.com","241-459-4580","Belleza"
"526","Cox  Cervantes and Foster","7150 Jeremy Spur Apt. 963 West Rodney  NM 35100","matthewchoi@example.net","(374)569-9062x763","Ropa"
"527","Johnston  Davis and Flores","5606 Johnson Points Suite 801 Diazview  KY 84993","pagetheresa@example.net","366-836-9695x70400","Belleza"
"528","Smith-Wagner","276 Joe Knolls Lake Susanfurt  TX 43402","davidtaylor@example.net","947.823.8456x13500","Juguetes"
"529","Romero-Anderson","855 Myers Lane Suite 398 Charlesberg  MA 20636","brittneywilliams@example.net","001-574-227-8444x9831","Deportes"
"530","Peterson Group","1993 Alison Estates Suite 105 East Richard  NY 15939","drew03@example.org","929-230-4036x5702","Alimentos"
"531","Frank-Roberts","326 Jerry Highway South Abigail  MA 29843","christina01@example.com","904.371.8646x16363","Alimentos"
"532","Rocha-Esparza","299 Jennifer Hollow Angelamouth  HI 17469","jonesjessica@example.org","+1-616-838-9121x028","Jardineria"
"533","Murphy-Patton","32941 Woodard Route Tammyville  AS 09052","ryansmith@example.net","232-338-6575x427","Ropa"
"534","Jackson  Diaz and Garcia","0668 Owens Run Alexisview  SC 59277","djones@example.com","7895211254","Juguetes"
"535","Lee  Frank and Marshall","62387 Davis Spur Apt. 104 South Daniel  RI 33112","wjohnson@example.com","001-389-268-4949","Deportes"
"536","Austin Inc","515 Jesse Valleys Apt. 610 Kendrashire  NH 41668","lewisgregg@example.org","690.361.7147x1988","Juguetes"
"537","Hunter-Harrison","224 Tony Cape Andersonmouth  TN 25966","qhenderson@example.com","847.863.3329x40513","Libros"
"538","Shelton PLC","896 Brown Point Apt. 337 South John  TX 08277","timothy26@example.net","455.702.3911x370","Libros"
"539","Miles-Fisher","58596 Nelson Ways Apt. 405 New Cesarport  PW 97121","tmartin@example.net","241-624-4136x0521","Jardineria"
"540","Smith  Ortega and Savage","05345 Spencer Square Lake Jacquelineborough  OK 60545","manderson@example.net","587-619-2328x3141","Electronica"
"541","Shepherd and Sons","483 Wells Village Apt. 144 Perezberg  LA 93883","awalker@example.com","419.211.2685","Jardineria"
"542","Martinez-Clark","289 Hurley Locks Apt. 266 Bridgethaven  MT 67441","jeffrey57@example.org","001-404-810-9647","Belleza"
"543","Lee-Lambert","348 Monroe Divide Suite 297 New Alanville  CT 46627","tpalmer@example.org","+1-635-376-0119","Jardineria"
"544","Adams  Cook and Bruce","9865 Mitchell Parks South Louis  FL 63480","justinwood@example.org","+1-508-468-8341x820","Belleza"
"545","Simon  Gonzalez and Barnes","6163 Benjamin Haven Port Jennifer  WY 71486","hcox@example.net","(492)849-0912","Alimentos"
"546","Lynch Ltd","2252 Cynthia Fork Apt. 719 New Ashley  KS 13742","mitchell30@example.org","(913)797-3112x775","Jardineria"
"547","Bass-Morgan","USS Gonzales FPO AE 43947","mbright@example.net","(675)916-8797","Electronica"
"548","Baker Group","8034 Sarah Fields Apt. 538 New Markborough  MI 31034","kimberly08@example.com","255.544.7438x02456","Libros"
"549","Owens Group","72804 Dunn Cape Apt. 574 Lake Amber  WA 74385","kramerchristopher@example.com","(895)519-4345x97041","Belleza"
"550","Newman PLC","5545 Santos Centers East Lisashire  MH 10854","qmartin@example.com","001-896-602-3892","Alimentos"
"551","Patel-Chambers","USNS Snyder FPO AP 48667","westrachel@example.com","001-782-409-2631x363","Jardineria"
"552","Garcia-Rich","6046 Moore Mountain East Charles  OH 91686","saragarza@example.com","+1-604-690-3598x376","Electronica"
"553","Kent-Clark","089 Sawyer Orchard Apt. 660 East Ann  MS 31058","moorepeter@example.net","+1-566-706-4736x31549","Herramientas"
"554","Daniel-Smith","4793 Rollins Street Lake Tinaberg  NY 79019","alopez@example.com","856-547-1720","Belleza"
"555","Rios-Wood","1057 Wade Burg Suite 464 Lewisborough  MO 82725","tanya69@example.com","+1-839-734-6958x5130","Belleza"
"556","Thompson-Cruz","449 James Villages New Amandabury  WI 40734","uhernandez@example.com","(351)936-9852","Herramientas"
"557","Page-Cross","019 Kellie Creek Apt. 146 Fowlerton  VI 50395","clarkhailey@example.com","(239)567-4200","Ropa"
"558","Allen-Golden","USNS Hill FPO AE 15193","iprice@example.net","001-811-619-4734x75445","Libros"
"559","Cox Inc","88274 Richards Plain West Kaylaton  SD 67761","vcarter@example.com","(489)306-1302x0160","Belleza"
"560","Johns LLC","USNV Maldonado FPO AE 88529","fbarnes@example.com","(340)406-7209","Deportes"
"561","Wang-Zimmerman","273 Stein Green North Tina  SC 43780","davidflores@example.org","2284693159","Ropa"
"562","Gonzalez PLC","79826 Destiny Mountains Taylorfort  NC 78846","ingramvicki@example.org","344-428-8608x50524","Alimentos"
"563","Brown-Olsen","729 Jordan Club Suite 563 North Markbury  UT 06579","jenniferjohnson@example.com","366-418-5535x2853","Deportes"
"564","Allen  Glass and Lopez","4853 John Junctions Lake Julianfort  NY 60362","ndavis@example.org","+1-224-922-4303x310","Ropa"
"565","Valentine  Archer and Cox","687 Murphy Knolls North Josephville  VI 12464","wellsdean@example.org","001-831-254-1086x9697","Jardineria"
"566","Cohen-Joseph","936 Danielle Curve Apt. 543 Lake Tyronemouth  PA 13931","jonestravis@example.net","348.483.2942","Juguetes"
"567","Anderson  Carlson and Davis","0391 Webster Ways Suite 202 Kramerberg  GU 96447","amyhull@example.org","+1-320-991-3469x68837","Ropa"
"568","Walker LLC","2089 Young Cliff North Russellville  VT 53362","scottangie@example.net","+1-301-491-5938x07223","Deportes"
"569","Briggs-Johnson","09292 Carlos Ramp East Kelseyburgh  WI 99578","wpham@example.net","(314)420-1471","Jardineria"
"570","Wells  Daniels and Valdez","USNV Lowe FPO AE 06963","kelly60@example.com","001-412-531-4118","Ropa"
"571","Stanley-Larson","1615 Haley Lakes Suite 233 North Donald  WA 95156","elizabethwinters@example.com","+1-508-761-8053x0374","Belleza"
"572","Cooper-Dominguez","Unit 4683 Box 2405 DPO AE 68580","michaellee@example.net","(738)584-3995","Belleza"
"573","Allen LLC","1024 Sara Plain Port Christopherland  WA 83736","hudsondavid@example.org","001-957-610-1064","Herramientas"
"574","Davis-Frye","21920 Gould Island North David  DE 07893","shawn26@example.net","+1-370-206-2430","Libros"
"575","Palmer  Mcdonald and Garrett","9813 Jennifer Parkway Apt. 020 South Daniel  IN 24801","zwilliams@example.com","+1-482-204-7840","Jardineria"
"576","Paul Group","400 Caitlin Square North Austin  UT 97802","brianna73@example.net","415-961-2167","Alimentos"
"577","Valdez Group","2239 Angela Meadows Apt. 943 Benjaminview  RI 34872","hwilson@example.net","(365)313-5510x44265","Juguetes"
"578","Skinner LLC","09874 Kayla Alley Toddmouth  CO 28998","ellissummer@example.com","(892)960-9455x37172","Deportes"
"579","Parker Group","915 Andrew Run Holdershire  WA 63902","ufigueroa@example.com","373.214.8075x06917","Belleza"
"580","Woodard Group","60097 Walker Ville Suite 921 Jacksontown  WI 02023","bhardin@example.org","001-604-406-7060","Deportes"
"581","Miller Inc","02738 Logan Plaza Suite 743 East Cameronberg  CT 77322","austinjason@example.org","988-624-3867x4114","Deportes"
"582","Barry-Ward","033 Christian Port Apt. 164 Cartermouth  WI 74250","johnsonkaren@example.net","387-551-2972","Belleza"
"583","Moore-Zimmerman","20625 Vickie Mall Suite 715 Michaelstad  AR 78416","jonstevens@example.com","7876505682","Electronica"
"584","Brown Inc","3711 Houston Island Millerton  NH 64991","ashley36@example.org","761-965-9879x3138","Electronica"
"585","Carter and Sons","12583 Molly Port Brentfurt  AK 55120","bonnie54@example.org","(565)389-3924","Electronica"
"586","Williamson-Wood","640 Andre Crest South Matthew  AS 08765","ajohnson@example.org","7166323549","Juguetes"
"587","Barton-Ellis","951 Hale Stravenue New Gregory  WY 59432","benjaminhogan@example.com","(407)461-8790x347","Muebles"
"588","Reynolds  Thomas and Blanchard","7706 Dyer Isle Kennethhaven  MA 32685","zroth@example.org","(252)297-6497x5410","Electronica"
"589","Cline  Leblanc and Moore","006 Christopher Squares Apt. 723 Elizabethmouth  MH 01667","nstone@example.net","+1-293-438-2749x527","Jardineria"
"590","Porter  Hooper and Norman","00607 Armstrong Lodge Josefort  VT 53285","heathermiller@example.org","522.967.1044","Libros"
"591","Rivera-Holmes","843 Montes View Suite 322 New Christineport  AZ 21420","zgarcia@example.org","984.537.5631x00816","Muebles"
"592","Arias LLC","9931 Bobby Plaza Apt. 875 Port Justinmouth  AL 28000","xstewart@example.com","+1-500-373-0893x3069","Electronica"
"593","Smith-Rice","851 Emily Valley Apt. 876 West Lisatown  WY 16967","cscott@example.com","890-579-9515x467","Muebles"
"594","Young  Sullivan and Wilson","553 Olivia Hills Suite 888 New Kathleen  FL 29584","pbennett@example.org","(541)613-3053","Alimentos"
"595","Blake and Sons","03718 Sarah Junction West Patrick  IL 47711","michaelwatson@example.com","770.290.9877x9376","Muebles"
"596","Cohen-Holden","427 Alexis Camp Taylorland  VI 49551","martinmartin@example.net","001-738-527-4949x693","Libros"
"597","Jones  Pierce and Payne","4436 Hernandez Crescent Suite 240 North Christina  NM 49542","vmunoz@example.com","(997)603-9903x870","Deportes"
"598","Cooper-Porter","4577 King Brook Suite 268 East Christinaport  KY 11869","heather01@example.org","851.993.8806x30722","Alimentos"
"599","Thomas LLC","549 Kara Falls Suite 133 Port Jennifer  WV 02178","johnsonbilly@example.com","+1-416-930-0298","Electronica"
"600","Hodges-Richardson","710 Warren Turnpike Apt. 490 Allentown  TX 38811","martinmartin@example.net","562.364.0888x2344","Ropa"
"601","Mccoy-Hahn","16956 Diaz Pine Suite 413 Lisaton  NC 61382","rramos@example.com","001-477-464-3494x3392","Jardineria"
"602","Cook Inc","20734 Justin Cove Apt. 700 Shannonview  MT 45747","tburke@example.com","+1-411-765-7704x4986","Electronica"
"603","Evans and Sons","Unit 1589 Box 3558 DPO AA 09649","jlarson@example.org","770.705.2977x876","Herramientas"
"604","Peterson Ltd","608 Johnson Rue Vanessaton  IL 42298","marilynriley@example.com","(348)795-2057","Electronica"
"605","Peterson-Keller","076 Timothy Burgs Apt. 411 Lisaview  CA 21218","calhounrhonda@example.net","497.862.9284x321","Muebles"
"606","Donovan  Dickson and Martinez","003 Kevin Keys Apt. 450 Lake Douglas  MS 90148","ulamb@example.com","+1-297-853-2240x890","Herramientas"
"607","Boone PLC","5674 Brown Fields Apt. 131 Lake Ashley  CO 31717","xschneider@example.net","+1-361-715-3513x23419","Alimentos"
"608","Knox  Zamora and Gibson","817 Holloway Stravenue Suite 411 Palmerville  DE 73028","ethan89@example.net","(227)733-7343x5669","Deportes"
"609","Taylor PLC","635 Obrien Shoal Suite 649 Terryfurt  TN 47565","xmiranda@example.org","3595178303","Libros"
"610","Johnson  Richards and Bowen","3720 Carrie Glens Apt. 896 Lake Karaton  TX 61151","fhayden@example.org","001-877-928-8889","Electronica"
"611","Huffman-Lewis","278 David Stravenue Apt. 559 Petersonborough  MP 91600","bthomas@example.com","289-643-9225","Juguetes"
"612","Collins and Sons","0786 Cruz Squares Joshuaberg  KS 23522","john79@example.net","(585)266-7126x57725","Alimentos"
"613","Ingram  Mitchell and Oliver","9541 Michael Port Kellyburgh  MS 05611","gmills@example.org","2137879090","Deportes"
"614","Pruitt PLC","324 Estrada Isle Suite 409 Mitchellmouth  NM 90736","swilliamson@example.org","670.237.1764x70727","Juguetes"
"615","Webb-Hudson","036 Travis Avenue Nguyenbury  MI 44347","kwatson@example.com","(481)484-3666","Electronica"
"616","Lopez  Trujillo and Salinas","80191 Tonya Ville Apt. 698 South Morganland  MH 03798","stephanie57@example.net","966-528-7151x43682","Libros"
"617","Ortiz  Hunt and Cooley","77541 Erin Mall South Stevenfurt  NH 79762","norrisdavid@example.com","001-822-767-6848","Juguetes"
"618","Reynolds  Lane and Hernandez","50970 Hernandez Street South Charleston  TX 24246","gchavez@example.net","+1-465-722-1365","Ropa"
"619","Peters and Sons","837 Oliver Plain Apt. 238 North Daniel  GU 81079","jacobskathryn@example.com","587.856.3991","Ropa"
"620","Mathis Group","0451 Lopez Land Arthurport  GA 80418","andrewchase@example.org","(350)684-1256x1204","Ropa"
"621","Berg-Travis","5139 Luke Plain Apt. 241 Deanside  VA 74111","davefitzgerald@example.net","+1-255-658-7273x503","Juguetes"
"622","Spence  Morrow and Watts","309 Laura Divide Suite 635 West Evanchester  AZ 60954","lambertcrystal@example.net","+1-280-846-7735x754","Ropa"
"623","Morales Inc","862 Randy Mount South Jefferyland  PW 61259","william65@example.net","464-619-4358x86150","Alimentos"
"624","Jones-Smith","21175 Holden Hill Apt. 432 Hughesburgh  VT 14330","iwalker@example.net","6537237860","Libros"
"625","Hart PLC","4915 Baker Cape Petersonville  MH 49356","christiangarcia@example.org","826-894-3609","Libros"
"626","Cannon  Porter and Edwards","18186 Jason Cliffs Tiffanyton  WV 65041","rallen@example.org","(554)530-8810x85577","Ropa"
"627","Snow  Thompson and Pitts","9949 Nguyen Avenue Michaelhaven  AK 20441","jennifer80@example.net","+1-261-506-6460x25977","Jardineria"
"628","Williams LLC","099 Lloyd Mills Apt. 353 Sharonland  WV 23476","claytonmatthew@example.com","+1-326-320-3019x73837","Electronica"
"629","Williams-George","3011 Jonathan Island Melanieberg  TX 70708","ugould@example.net","+1-328-490-8361x50009","Libros"
"630","Smith  Moore and Nguyen","86329 Pitts Prairie Lake Ashleychester  VT 55340","wanderson@example.com","754.329.8545","Ropa"
"631","Vasquez  Rivera and Harrison","7697 Porter Street Christopherchester  AS 29670","jacksonmichelle@example.com","815-563-0923","Juguetes"
"632","Martin-Barnes","93338 Harris View New Darryl  NE 75336","darrendavis@example.net","(837)959-7313","Libros"
"633","Wright-Knapp","270 Tina Crossing Apt. 844 South Cynthia  DC 63102","gregory66@example.org","505-748-0990","Belleza"
"634","Walter PLC","6792 Gail Rue Port Joseph  AK 90218","russell34@example.com","+1-490-592-8100x8922","Alimentos"
"635","Bell-Ballard","83460 Rice Park Popeport  NH 05769","johnstonkelli@example.com","610.595.8160","Muebles"
"636","Williams-Ortiz","80548 David Mission Whitemouth  UT 21317","taylorgay@example.net","(851)298-7713x93558","Jardineria"
"637","Bullock  Lopez and Benton","3575 Susan Via Amandamouth  VT 45590","thomasmiddleton@example.org","001-529-808-2744x41504","Muebles"
"638","Gutierrez-Chen","26577 Taylor Cliff Suite 951 West Micheleport  AS 31568","jennifersanford@example.net","544.739.3949x42255","Belleza"
"639","Hammond  Park and Martin","285 Cooper Burg New Micheleberg  NY 73835","tammyjohnson@example.org","(835)345-3351x62784","Electronica"
"640","Carney-Beck","1005 Annette Canyon Kevinberg  VI 27647","robertrobertson@example.net","(550)411-9759x339","Libros"
"641","Burnett-King","398 Allen Springs Burkeberg  IN 58303","xadams@example.org","(612)487-2747x37958","Electronica"
"642","Houston-Rojas","431 Jo Village Sheilatown  IN 17109","dchapman@example.com","(337)788-1680","Alimentos"
"643","Brooks-Murray","PSC 9989  Box 1307 APO AP 56552","jessicaowen@example.org","001-215-364-8984x387","Ropa"
"644","Perez Ltd","93269 Matthews Fort Apt. 574 West Jennifer  ME 67896","brewerlaura@example.com","+1-407-631-9086x10266","Belleza"
"645","Contreras Group","4984 Russell Streets New Sheryl  KY 22776","roberthanna@example.net","(902)594-5627x58029","Jardineria"
"646","Juarez  Taylor and Mitchell","4042 Kelley Creek Ambertown  AZ 39191","dustin89@example.org","640-506-6234x15624","Alimentos"
"647","Wheeler Inc","452 Amber Camp Mcintoshmouth  SC 82200","pughjacob@example.com","587.734.0186","Alimentos"
"648","Garcia  Richards and Gutierrez","917 Kimberly Park Apt. 316 Garciafurt  DC 68919","jamiefrench@example.com","(926)647-3138x382","Libros"
"649","Reyes Group","3073 Kevin Canyon Apt. 822 Haydenville  RI 37951","mike96@example.net","+1-776-634-5330x223","Libros"
"650","Valenzuela-Johnson","77966 Hanna Lakes Suite 137 Port Christopher  OH 45030","kevin46@example.org","001-606-310-1091x7134","Ropa"
"651","Baird  Harris and Goodman","249 Alexis Vista Suite 032 Tonyatown  SC 50846","boconnor@example.com","(477)485-1641","Juguetes"
"652","Lee Group","6458 Wells Cove Apt. 002 New Elizabeth  SD 64354","robert94@example.com","211.682.9801x265","Alimentos"
"653","Howard  Knight and Roberson","Unit 7959 Box 3953 DPO AP 90105","angelaaguirre@example.com","842.462.1153x4331","Alimentos"
"654","Martinez LLC","940 Matthew Oval Kingtown  TX 12396","hfriedman@example.net","001-480-634-2004x252","Electronica"
"655","Perez LLC","407 Weber Expressway Apt. 267 Hughesburgh  PR 80659","elliottkristine@example.com","001-395-690-2084","Ropa"
"656","Kelly PLC","37817 Johnson Village Suite 244 Rachelmouth  DE 93914","rogereverett@example.net","961.994.6699x77793","Belleza"
"657","Young  Osborne and Phillips","828 Thomas Isle Apt. 590 East Rebeccaville  IL 53059","michellemoses@example.com","507-943-0301x590","Ropa"
"658","Thompson LLC","25469 Thompson Greens Alvarezbury  GU 57918","qcisneros@example.org","975-275-0949x805","Libros"
"659","Ferrell-Knapp","46861 Cynthia Motorway Apt. 054 East Maria  ME 68961","williamsrobert@example.com","(941)829-1997x11940","Deportes"
"660","Adams-Castaneda","195 Molly Harbor Apt. 607 Lake Lisaburgh  NE 98940","rmoreno@example.net","+1-494-930-7158","Jardineria"
"661","Taylor PLC","843 Sosa Mission Lake Nicholas  ID 13628","jennifer34@example.org","001-534-961-3027","Electronica"
"662","Gill Ltd","5512 Brenda Prairie Christineburgh  OH 26686","pwilliams@example.com","9333513010","Alimentos"
"663","Myers-Sanders","359 Jackson Underpass Port Johnton  PA 91407","starkapril@example.net","2763485761","Deportes"
"664","Miller-Massey","6370 Alexander Port New Russellfort  FM 14531","jefferyjones@example.com","(213)282-5407x000","Alimentos"
"665","Glass Group","7688 Freeman Mountain South Jesus  FM 71233","joshuapayne@example.com","+1-752-615-3233x8956","Belleza"
"666","Stevens-Castillo","202 Daniel Expressway South Davidview  FL 19411","nicholas79@example.net","(840)438-5668x31402","Muebles"
"667","Hardy Inc","3797 Sutton Garden Reginafurt  NJ 61045","franktaylor@example.net","(971)997-4026x5396","Herramientas"
"668","Rios Ltd","3507 Jennifer Greens Longburgh  WA 39522","huertapamela@example.net","4243218255","Herramientas"
"669","Grimes  Rose and Cox","480 Whitney Forks Suite 045 Perezborough  MO 81588","staceywilliams@example.org","(713)611-1208","Libros"
"670","Cruz and Sons","4845 Hancock Islands Johnburgh  MS 78791","vvargas@example.org","439.857.2784","Belleza"
"671","Franklin and Sons","663 Tran Wall Suite 115 East Eric  MN 83114","elizabeth68@example.net","601-520-9027x974","Libros"
"672","Jenkins PLC","80448 Emily Flats Gregoryside  VT 95614","cassandralynch@example.org","809-967-4448x32123","Herramientas"
"673","Adams  Davis and Hill","44679 Richards Divide Apt. 058 West Stacyshire  MS 32594","dalerussell@example.org","001-830-331-9936","Alimentos"
"674","Tucker  Stone and Gates","40686 Amy Plain Tinaville  PA 46344","kathrynlee@example.org","(531)915-7174x7185","Alimentos"
"675","Dawson Group","721 William Summit Apt. 970 Dianabury  CO 44674","jacobanderson@example.com","707.968.2493x08075","Muebles"
"676","Stewart-Alexander","PSC 7046  Box 5209 APO AP 77647","wruiz@example.org","430-297-4105x620","Juguetes"
"677","Jarvis  Clay and Lee","14847 Barajas Junctions Suite 144 East Adamshire  CO 62229","owatts@example.net","804.249.3613","Ropa"
"678","Green-Wall","784 Jose Extension Suite 361 Joshuatown  TN 39650","eric61@example.org","675.528.0219","Muebles"
"679","Scott-Perry","84284 Anna Manor Apt. 523 West Michaelview  KY 97223","hallrachel@example.net","735.872.1965","Deportes"
"680","Brown-Smith","Unit 5572 Box 8801 DPO AA 47350","wellsyolanda@example.com","682.644.7188","Belleza"
"681","Smith  Barnes and Rivera","572 John Vista Katherinehaven  ND 43554","theresa97@example.com","860-526-1778x72780","Juguetes"
"682","Cruz Inc","7065 Ashley Isle Lake Kevin  DC 53431","pearsontraci@example.org","545.233.0114","Ropa"
"683","Jordan LLC","840 Moore Spur East Melanieberg  NV 11630","iowen@example.org","637.890.5440x766","Deportes"
"684","Miller-Davis","562 Mary Hollow Suite 245 North Angela  NE 78977","kwashington@example.net","2296161556","Belleza"
"685","House-Olson","7730 Walter Mews Apt. 217 Port Peterburgh  PR 95670","mendozachristopher@example.net","+1-752-639-8446x73912","Juguetes"
"686","Bryant  Peters and Sweeney","0389 Matthew Center Apt. 527 Howardchester  MT 93816","guerradiane@example.net","+1-718-806-0191","Belleza"
"687","Long  Rodriguez and Ortiz","Unit 2345 Box 0492 DPO AA 21094","gboyd@example.net","(794)908-0246x2275","Muebles"
"688","Walker and Sons","7891 Montoya Shore Sarahland  AK 25290","mdiaz@example.com","431-981-2990x25832","Belleza"
"689","Frederick-Baker","88035 Caleb Extensions Apt. 347 Adrianchester  PR 69511","hwade@example.net","(443)538-4655","Juguetes"
"690","Davis  Payne and Bradshaw","PSC 0923  Box 1614 APO AE 23282","derekmoore@example.com","410.390.8693x49564","Belleza"
"691","Lamb-Warren","92636 Perez Pines Suite 838 Hunthaven  WA 94612","bgibbs@example.com","896.994.8608x24866","Libros"
"692","Graham-Matthews","46901 Mccarthy Gateway Suite 837 Ravenberg  NC 25459","lisaporter@example.com","+1-761-795-1155x14841","Libros"
"693","Russell-Rodriguez","454 Neal Mill Lake Mary  AR 39108","angelalong@example.net","001-510-544-3809x7079","Herramientas"
"694","Proctor-Wallace","38903 Brian Wall Apt. 341 East Mark  MN 64151","hnguyen@example.com","001-568-466-2985","Jardineria"
"695","Griffin  Simmons and Graham","6418 Steven Road Suite 211 Whiteheadview  MN 36653","jeanne87@example.org","727-220-9432x09430","Muebles"
"696","Parker PLC","201 Michelle Mission Apt. 838 Nixonshire  NM 87069","mia00@example.net","+1-840-644-6114x3905","Herramientas"
"697","Estrada  Holmes and Gutierrez","2023 Stephanie Summit Lake Brianshire  OH 55039","david34@example.org","270-443-5422","Belleza"
"698","Roberts Ltd","101 Sarah Locks Ryanchester  MP 21506","mariaburke@example.net","(422)696-3754","Electronica"
"699","Payne  Hernandez and Rodriguez","USS Martinez FPO AP 64729","nstewart@example.com","901.369.1316x01064","Muebles"
"700","Butler Group","27207 Levy Valley North Chelsea  FM 45791","irogers@example.com","619.227.9736x408","Belleza"
