id_orden_compra,id_factura,entregada,fecha_de_generacion,comentarios
680,132,True,2022-12-24,Heart computer trouble trade.
579,261,False,2023-09-25,Way check care book.
117,10,True,2022-07-14,Evidence drug card.
57,209,True,2023-07-24,Reason financial develop word rule set.
192,267,False,2022-08-17,Task former marriage fire.
522,57,True,2021-09-25,Smile hundred again join.
400,170,False,2021-06-20,Attorney protect carry industry.
651,143,False,2022-03-05,Want act yourself according national.
222,31,True,2024-02-03,Hair tough money.
477,673,False,2022-10-09,Foreign along social stay.
569,255,True,2021-10-30,Travel lot include.
408,120,False,2023-07-18,Bank often wife bed hour.
182,225,True,2023-04-13,Low sea organization finally program look real.
10,294,True,2022-04-17,Spend give hear walk mouth. Go old family nearly.
56,663,False,2022-11-04,Look condition later note lot.
44,678,False,2023-02-04,Huge end instead set under behind.
94,123,True,2023-10-20,Economic data us hear yard each either.
47,603,True,2022-09-02,Artist three water decision.
261,543,True,2023-01-19,Board simple theory itself.
66,214,True,2023-07-28,Their project director minute.
687,429,False,2024-03-09,View contain song guy Republican although arrive.
312,491,True,2023-09-06,School center event threat lawyer.
203,625,True,2021-06-26,Feeling imagine teacher day truth give.
595,665,False,2021-11-16,Drop commercial city drug.
509,415,False,2023-06-27,Whether million return either spend own thousand.
456,93,True,2023-05-04,Image his behavior source image.
28,511,False,2023-07-26,Ask note network total month Democrat her use.
204,237,True,2021-07-12,Do enough wide player.
348,571,False,2023-02-01,Amount long throughout.
362,626,False,2021-05-12,Structure security fast sport.
488,393,False,2023-10-08,Important but tough agent foot you onto end.
191,70,False,2024-03-02,People issue available call girl.
118,208,True,2024-03-25,Natural particular each time.
105,299,True,2024-02-27,Heavy around full. Model also improve.
473,44,False,2022-08-28,Fish toward least series response.
219,221,True,2023-12-12,Because popular ask what million order.
113,187,False,2024-04-08,Law action decision part reveal.
150,140,True,2021-08-01,Clear law over edge spend lot.
656,597,False,2024-03-15,Four let indeed with nor table.
24,273,True,2023-04-28,Enter down perhaps. Follow well left whatever.
48,195,True,2021-12-10,Week turn spring fall foot. News sure win.
672,649,True,2023-04-01,However lead born pick live south art.
13,414,False,2023-06-14,Politics practice property blood wide blood stay.
442,219,True,2022-03-26,Local wall over record.
215,96,True,2021-05-10,Dark line rock camera.
370,695,False,2021-12-01,Surface whatever lawyer measure western admit.
304,450,True,2024-02-06,Catch until religious discussion in of.
411,407,False,2022-04-07,Remain book the to their son maintain.
131,201,False,2021-11-09,Make fish between structure white.
233,111,False,2023-04-05,All keep me on matter.
75,630,True,2022-07-17,Medical eight ability game.
159,463,False,2023-07-12,In sure defense available me suffer general.
335,629,True,2022-01-01,Scene note measure executive maintain.
2,48,False,2024-03-03,Say themselves us again single modern.
74,395,False,2022-08-18,Meeting marriage quite Republican.
431,310,False,2023-10-21,Culture book single budget.
624,203,False,2022-02-22,Now world owner election.
241,210,True,2023-12-19,Several carry management election think fill.
495,494,False,2024-03-10,Interest degree as us account machine four.
337,458,True,2023-01-31,Both add someone media method account agree.
32,696,False,2022-09-07,Republican million though yourself ten stage.
416,174,False,2021-10-16,Control above law top receive.
106,452,True,2022-12-13,Final executive lawyer value reflect many.
52,323,False,2022-06-08,About lay body control.
21,584,False,2022-10-17,Example evening everybody no night national.
161,577,True,2023-01-29,About up method class ahead forward own.
555,335,False,2023-07-28,Protect stuff stop.
321,639,True,2022-01-16,Network avoid sure again than. Hotel career leg.
689,420,True,2022-09-23,Never million what responsibility everything.
95,602,True,2022-11-23,Cup mind enter meet opportunity whether know.
140,234,True,2022-05-15,See professor join science term moment us.
107,138,False,2021-11-28,Per long visit simply cost.
305,354,True,2021-06-18,Factor standard institution.
38,2,True,2021-08-22,Old land keep north sometimes red.
435,108,False,2022-06-20,Among year morning.
97,81,False,2023-02-28,Third best social source least.
173,485,False,2022-12-24,Arrive staff country military certain.
554,368,True,2023-10-01,Space lawyer wonder east house president south.
580,16,False,2022-05-18,Mind man back over program finally teacher.
536,52,True,2023-02-08,Claim rather early.
574,135,True,2023-02-17,Stand throw value thousand nice leader field.
526,385,False,2023-09-14,Southern buy improve management here.
625,43,True,2023-01-29,Like respond safe avoid brother smile.
468,205,True,2021-05-27,Choose development soldier.
577,207,False,2021-12-26,Sing kitchen collection concern.
531,25,True,2023-09-04,Hotel type all but.
98,423,True,2021-12-29,Short plant information within season discover.
629,167,False,2023-01-31,Agent approach have party region.
170,264,False,2022-03-21,Main create prepare out.
14,20,False,2023-06-05,Among last after. Candidate occur consumer carry.
450,455,True,2023-04-28,Power natural compare course.
669,670,False,2022-05-29,Wrong imagine special positive these.
207,282,True,2024-02-23,Cut trip exist exist. Know evening certain.
301,196,False,2022-08-29,Something forward cell travel generation couple.
128,609,True,2022-05-18,Sister arm history consider bill on.
586,325,False,2022-02-14,Research story actually ready agency series.
425,250,True,2022-03-18,Lay law hope despite.
70,434,False,2022-02-18,Chair TV author amount.
1,487,True,2022-11-28,Senior mouth support until power.
218,158,False,2021-09-18,Deal hand kitchen year.
582,388,False,2023-10-28,Matter agreement team lose finally but right.
659,340,False,2024-01-05,Wonder realize cultural decade generation.
43,424,True,2022-12-23,Say hand none white you street alone.
609,697,True,2022-04-29,Finish large fly.
543,104,False,2021-12-27,Center action tax boy player action have.
357,231,False,2023-12-21,Put mother easy.
655,513,True,2021-09-13,Thought pull car sit chair sure several.
259,69,True,2023-07-31,Image body option though. Within every of.
662,610,False,2021-12-23,Parent contain strong already.
648,551,True,2022-03-14,Provide visit her cover.
424,54,False,2023-02-14,Consumer majority language bit.
368,253,False,2022-07-14,Bad policy see whole.
273,505,False,2022-09-05,Most television beautiful. Far eat middle.
571,656,True,2024-01-09,Would voice necessary store skin.
244,115,True,2022-09-15,Page laugh kid term team.
61,213,True,2023-04-12,Guy community yard serious past big three.
72,552,True,2024-03-16,Over citizen feel of local.
78,657,False,2021-10-15,Keep me research well technology mind.
195,171,False,2023-11-02,Grow money beautiful. As meet always but.
242,112,False,2023-03-05,Race book drug.
361,342,True,2023-06-03,Than sister network none new.
197,238,True,2022-07-08,Fear individual group cost in study.
59,349,False,2022-07-24,Remain school more between certain year decade.
336,374,False,2022-10-13,Ground trouble month half.
211,260,False,2022-06-19,Design parent person nice position policy a.
354,560,True,2022-10-31,Treat yet top never speech gun yourself.
122,573,False,2023-01-16,Space think outside reach.
7,184,True,2021-10-15,Provide stand person. Sing stock focus style.
620,68,False,2023-06-01,Guy night less Congress message note.
548,590,False,2022-10-06,Anything myself stop fish fact win return.
540,95,False,2022-07-22,During every state heart probably bar.
646,329,False,2021-08-21,Between even item spend anyone bit car.
453,182,False,2022-10-21,Letter allow reach example.
331,163,False,2023-10-14,She real always professional conference any.
17,435,False,2023-11-18,Very shake learn money.
276,175,True,2022-09-14,Student participant charge lead.
102,632,False,2023-04-23,Special pull idea throw hear base.
104,405,True,2023-01-25,Way building collection. Tough summer season.
258,24,False,2021-09-26,Growth indeed talk list could itself.
627,263,False,2021-09-22,Firm near season local.
291,427,False,2021-05-06,Involve key everyone.
164,113,False,2023-10-23,Personal land national along ten total.
160,566,True,2024-04-04,Computer type point ask economy.
351,622,False,2023-11-14,Fast year bring already space.
617,28,True,2023-10-21,Card investment fund break.
457,232,True,2024-04-04,Run commercial computer.
619,343,False,2022-12-21,Man set Democrat president loss during.
308,34,False,2023-04-13,Rather your few baby kitchen seat benefit.
699,306,False,2022-06-15,Allow executive who write.
618,266,True,2021-08-16,Take center finally at decade.
446,278,True,2023-11-15,Business agree call return another.
286,4,False,2023-12-28,Form decide skin medical among bed.
34,177,False,2023-05-18,Right reflect job point.
612,671,True,2021-08-26,Line decide alone news challenge.
594,572,True,2022-07-02,Hot father here nearly different visit cup.
657,11,False,2022-11-24,Station election truth result.
628,600,True,2023-11-30,Its charge TV southern thought later.
270,604,False,2021-09-07,Everyone we clearly almost tree ok state think.
417,430,True,2023-10-07,Parent back executive according what.
267,40,False,2021-11-14,End yeah sit site information.
135,302,False,2024-04-02,Congress face end enjoy discover rate.
427,378,True,2022-11-11,Central all site increase.
439,679,False,2022-08-20,Fast nice soon administration exist road develop.
96,422,False,2023-01-08,Inside hotel product though tough those.
360,311,True,2022-09-02,Which owner day the might.
260,690,True,2023-07-02,Open commercial could choice.
570,226,False,2023-09-09,Nor lawyer station indeed leave radio study.
279,456,True,2022-11-15,Race culture role decide something part.
668,389,False,2021-12-31,Leave test general cost view piece war.
521,337,False,2022-09-24,Hundred return structure.
341,483,True,2022-07-11,Turn clearly well long modern picture.
27,206,False,2022-11-22,Network during side reduce reason.
533,159,False,2024-03-06,Standard table trade environmental material.
262,13,True,2024-04-02,Want quality here office anyone smile most.
572,557,False,2021-11-21,Answer religious yes paper.
573,247,False,2023-03-20,Just president from piece thousand serious field.
528,465,True,2022-03-24,Television total gas always.
676,617,True,2022-07-18,Themselves economy dark speak friend under.
599,330,True,2023-06-05,Loss leg foreign card kitchen.
441,576,False,2022-10-22,Class toward ability simply plan enjoy child.
265,87,False,2023-10-28,Red wish report too cause line.
537,683,True,2024-02-07,Research her material economy than avoid.
166,51,True,2022-03-14,Theory her play.
55,15,True,2021-07-23,Beyond city win keep phone tonight statement.
682,372,True,2023-07-21,Value can claim new fund grow card.
641,358,False,2021-12-19,Language begin expect ever. Old keep wish minute.
597,29,True,2021-06-20,List politics type nearly.
156,361,True,2024-04-11,State month car reason enter with.
133,49,False,2023-07-25,Difference worker person. Under law yard much.
472,67,True,2023-07-11,Imagine history half yet data.
302,73,True,2023-06-27,Around begin give article hotel mean.
563,375,True,2023-04-12,To whole discover general short.
201,344,False,2022-06-25,The marriage color save.
513,103,True,2023-08-09,Those floor law rise finally ok.
430,512,True,2024-03-15,Bag develop learn ok audience.
352,371,True,2021-09-26,Recently general wait institution girl table.
639,85,True,2022-02-09,Word peace edge court material position blood.
598,580,True,2022-01-06,Only mother partner spring five agree.
553,475,True,2021-08-27,Traditional fear kid prevent seven marriage end.
510,554,True,2021-05-13,Prevent final message budget.
661,366,True,2022-01-03,Explain case easy.
550,631,True,2022-07-19,Force as political.
4,396,True,2024-01-30,Star rock current management. Ok oil too.
247,80,True,2023-11-13,Single trade speak church rich staff explain.
621,634,False,2023-02-05,Often show hospital reduce.
491,384,False,2023-10-16,None live project wish.
248,287,False,2022-09-30,Increase town something fall party fast food.
388,394,False,2021-04-29,No among office really.
556,79,True,2023-03-18,Probably sometimes skill.
250,192,False,2023-10-21,Become paper brother resource major site future.
376,125,True,2021-11-17,Machine capital vote realize lot.
252,27,False,2023-09-26,Lawyer government threat fine computer method.
670,211,True,2023-07-30,Where number point turn item between us.
208,243,False,2023-09-21,Moment nation understand data information once.
547,244,True,2023-11-13,Him marriage everybody capital day.
227,168,True,2022-11-10,After act you. Few couple event new hard return.
3,364,False,2022-12-19,Truth around natural bag science memory.
575,327,False,2023-12-23,Where listen many alone senior old later.
315,623,True,2021-12-22,Toward affect you behavior.
86,390,True,2024-01-17,High especially quite.
255,541,True,2023-01-05,Surface list history final.
171,269,False,2021-05-03,Among population firm watch sound decision add.
282,89,True,2023-05-28,Commercial difficult money red data.
561,355,True,2022-05-16,Support go civil use.
694,134,True,2022-06-04,Rise nor perhaps matter student series hard.
236,400,False,2022-08-13,Skill financial population only.
398,595,True,2021-12-17,Power own pass remain surface far.
225,359,False,2023-05-31,Represent particularly lawyer movement.
274,304,False,2023-03-24,Minute dinner language ten Mr forward parent.
452,480,False,2022-02-15,Great person music animal receive.
498,239,False,2023-09-25,Two let the key bed various appear.
583,499,False,2022-08-01,Drug her back dinner stuff city cup.
29,5,True,2023-11-05,Moment of relate of bring activity hope.
298,360,False,2022-08-16,Scene world thing president suggest together tax.
512,296,True,2022-02-14,Seat table tree citizen power first next.
422,152,True,2023-08-03,Begin raise success think actually.
541,66,False,2021-04-28,Hundred process speak different rock quickly.
89,520,False,2023-12-26,Yet environmental scene because.
187,466,True,2022-11-11,Election model choose work country maintain.
40,453,False,2024-03-15,Treatment record though population site away.
523,615,True,2021-07-25,Order eat more country center police.
647,507,False,2024-02-27,Operation occur author outside still.
507,33,False,2023-09-29,Late strong concern each must late service.
230,472,True,2022-03-03,Chance decision make foreign.
418,432,False,2023-05-12,Yes human everybody money.
87,265,True,2023-10-04,Good degree medical. Maintain where to near.
84,637,False,2024-02-15,Bit student hundred certainly.
508,102,True,2022-11-29,Effort challenge even.
365,19,False,2023-03-25,Leader enough than represent time audience.
330,445,True,2023-02-09,Least appear discuss maintain.
578,672,False,2021-09-28,Company card week strong.
545,581,True,2022-10-24,Cold better public live after people.
138,376,False,2021-09-16,Short place hair whole.
700,611,False,2023-01-24,Past rather best everybody.
92,525,False,2022-04-21,Less maintain crime ago southern.
358,664,True,2024-01-24,Base seek yard support energy thank.
130,137,False,2023-01-15,City reason trip short instead.
263,274,True,2024-02-04,Enter room develop life short see.
11,392,False,2022-01-07,Increase before tend market.
238,565,True,2022-08-04,Suggest find save artist detail quite nature.
517,246,True,2022-04-17,Start job simple heavy like young boy.
414,86,False,2021-05-24,Never good stage building.
306,72,True,2022-02-06,Collection early wall game computer.
39,489,True,2022-08-16,Carry challenge seven with something.
343,514,True,2023-02-26,Return future country cost.
136,233,False,2023-01-10,Those understand accept job true wrong expect.
12,133,True,2023-10-18,Our star course success must box.
438,675,True,2022-02-08,Full he weight issue cover author family.
5,23,True,2023-09-01,Kitchen oil factor baby. Sing I onto police.
467,188,False,2022-09-04,Fund heavy day person. Into entire leave special.
610,413,False,2022-07-28,Shake bed college medical wind.
54,36,False,2022-04-25,Federal describe office she. Manage over age.
386,562,False,2023-08-06,Among customer help.
443,14,False,2023-02-13,Person what herself. Economic in turn she pick.
440,251,False,2023-09-25,Station over notice become occur measure herself.
125,186,False,2022-03-30,Wait kind lead talk present color.
124,63,True,2023-08-02,Sea full always issue stuff worry.
663,320,False,2023-09-09,Trade personal develop human.
246,303,False,2021-06-03,Gas effort teach board strategy loss.
206,700,False,2023-11-02,Floor present situation down central sort third.
8,408,False,2024-04-13,Tend certain perhaps skill. To in star anything.
216,391,True,2023-12-28,National allow commercial interest move.
317,482,True,2023-03-20,Sure successful prevent training sea.
209,362,True,2023-05-23,Drug finish list relationship good discover.
461,469,True,2022-10-23,Grow almost tax stop word reason hold.
220,645,False,2021-05-22,Game camera PM scientist something word anyone.
535,223,False,2023-06-22,Shoulder draw pull people challenge.
235,606,False,2022-12-22,Structure involve happen season while body.
162,547,False,2024-04-02,Middle make somebody race.
18,178,False,2021-06-18,Finally return business career.
487,618,False,2021-04-24,Analysis nation certain kind school station very.
62,517,True,2022-05-27,Expert try list especially ability.
346,669,False,2023-10-23,Exactly several sport especially lead interest.
345,536,False,2022-04-03,Wide design job research ok author sit.
413,518,True,2023-05-12,Six life beyond amount final.
180,379,False,2023-10-23,See state do cut modern. Detail item night.
355,684,True,2021-09-06,Improve threat large soldier suffer three off.
363,591,False,2023-11-19,Body rock garden draw change.
226,594,False,2023-12-28,When each plan resource drive on.
447,460,False,2022-02-24,And leave want become those resource staff.
35,78,False,2023-11-17,Line look carry here particular glass form.
379,568,True,2023-05-29,Security name free film.
511,99,False,2023-05-26,Bank something never. Avoid town stage bit.
474,338,True,2022-11-29,Everyone Mr whose sign. Over majority military.
119,493,False,2023-06-06,Check religious page foot detail defense seven.
126,198,True,2021-12-09,Form must baby. Tree front reality clearly.
636,122,False,2022-12-18,Pick ago care great member rich.
68,241,False,2022-02-28,Participant lay economic game.
121,478,False,2023-12-22,Someone even their less important.
158,416,False,2022-08-25,Best response Mr heart activity will anyone.
671,363,True,2023-07-05,Kitchen ability about you least wide.
287,316,True,2023-09-07,Decide church its stage appear.
30,212,False,2023-04-29,Lose especially information.
275,215,True,2023-02-07,Why though well hear experience tend where wind.
371,236,True,2023-11-04,Executive start record black.
666,426,True,2022-07-14,Modern federal activity notice near.
605,567,True,2022-05-01,Friend voice growth wish carry.
407,454,True,2021-06-26,Act sport huge begin hotel others agent.
257,153,False,2023-11-20,Individual room organization sing walk by.
64,476,True,2022-12-15,Agency best difference.
22,698,True,2021-07-06,Late must draw. Drug teacher firm force others.
256,162,True,2023-12-14,Democratic impact rest air rock need key respond.
157,549,True,2021-05-28,Agent edge above power.
67,411,True,2021-05-03,Speak now want three relationship amount.
584,464,True,2024-01-26,Sell condition voice visit.
527,324,False,2022-09-23,Father people street it.
232,199,False,2022-10-12,Always affect network.
73,38,False,2023-03-02,Miss few down specific arm. Short student nation.
372,474,True,2022-03-31,Glass religious exactly create red role person.
445,308,True,2022-04-28,Understand pattern pull six arrive stuff.
174,7,True,2024-03-19,Tend window cultural only fund window trial.
342,22,True,2023-04-21,Prepare customer week south Republican money.
415,126,False,2022-11-02,Scene husband those. Energy since win hour.
397,692,False,2021-12-01,Thank change similar big rule similar current.
420,242,False,2023-05-08,Wonder state itself total save.
608,65,False,2022-12-24,What most cause modern among production.
524,628,False,2021-04-26,Media right upon.
558,339,True,2023-01-24,Item before hit area answer memory.
299,605,True,2021-07-26,Tax before too become church southern bring.
557,110,False,2022-01-15,Hit arrive successful page dream during look.
146,84,False,2023-09-15,Follow out career very agency development.
602,535,False,2023-04-06,Tell rise treatment realize executive minute.
486,530,True,2021-11-26,Just person wall health give night teacher.
93,130,True,2022-02-02,Six evidence strategy goal religious.
356,249,True,2022-11-19,Message morning cover article land.
654,509,True,2023-08-31,So pass difference truth effect ready person.
184,41,True,2021-05-26,Run participant evidence man law brother new.
693,412,False,2023-01-23,Machine take her reduce soon bad.
327,641,True,2024-03-30,Adult page lawyer.
178,293,True,2022-04-17,Policy hand democratic true media create race.
403,502,False,2022-04-19,Difficult project friend line.
322,380,False,2023-10-15,Least among catch beyond the available can.
529,555,False,2021-08-15,Culture feel beat financial beyond dog better.
281,292,True,2023-02-06,Contain message former analysis war middle.
350,194,False,2021-05-16,Clear price recent realize.
505,680,False,2022-10-12,Around attorney guess maintain surface.
380,37,False,2022-11-15,Allow high get federal billion.
139,688,False,2021-09-19,When five dark wrong history possible.
615,497,True,2022-12-01,This piece wish beautiful late bank per.
326,607,False,2022-06-14,Adult agent early scientist.
393,357,True,2024-02-09,Until use trial step hair.
691,417,False,2023-03-17,Threat trial must activity finally fact.
196,106,False,2021-10-12,Respond page spend agent.
616,350,True,2021-06-06,Spring I case page. Marriage trial course do.
200,318,False,2023-01-27,Wife yard real do some across chance woman.
484,648,False,2024-03-01,Police wife option use soldier stop.
103,503,True,2022-09-13,Tv smile cut adult.
482,694,False,2022-02-19,Series common whom mention life.
588,558,True,2024-01-23,Exist entire save defense effort she court.
470,677,True,2022-07-21,Try oil national people whole.
323,60,True,2023-02-17,Table population on else open resource today.
239,589,False,2024-02-29,Account kid foot bank down how.
384,228,True,2023-11-28,No stuff technology. Mother level individual nor.
552,50,True,2021-09-03,Stay stuff discover keep thus. Then player share.
45,508,False,2021-10-18,Or involve dog discuss service us.
311,286,True,2021-06-16,High suddenly will science relationship film arm.
359,298,False,2022-03-22,Site training important myself common.
249,105,True,2022-01-21,Physical themselves you something purpose.
266,197,False,2023-09-04,Rule type suddenly national surface.
189,280,False,2021-05-22,Catch miss last store degree officer quite.
151,687,True,2021-06-11,Actually third indeed type expect.
436,315,False,2022-01-24,Develop four education cost however.
85,100,True,2021-12-29,Economic throughout mother.
596,220,False,2022-04-19,Need feel carry country value direction.
221,500,False,2022-09-23,As quality stand bill dinner water get.
404,288,False,2022-05-19,Get range billion score degree.
272,295,False,2023-12-20,Doctor choice model information.
172,164,False,2021-12-18,Actually land evidence weight news require will.
390,17,True,2021-09-23,Gas film idea across door bed.
165,447,True,2023-04-30,Happy only major water might wonder.
604,598,False,2022-10-20,Option ability despite yeah environment history.
240,627,True,2022-11-12,Body officer job stay.
530,467,False,2021-09-29,Each sister record herself drug focus process.
202,401,True,2021-11-06,Model home hard report ever sea rate.
148,3,True,2023-03-16,Defense remember force front picture skin.
347,642,False,2022-03-29,Wear fill top lead trip.
660,640,True,2021-12-05,Strong financial course experience.
194,307,False,2021-06-11,Bring least bar camera computer mention public.
538,521,True,2023-09-11,Morning production per they show.
382,651,False,2021-08-27,Process point today dinner affect.
581,473,False,2023-07-03,Others cause network foot hope must.
141,229,True,2024-03-12,Win fear nearly weight water amount rule.
99,341,True,2024-02-21,Democrat receive could condition affect imagine.
33,235,False,2022-06-23,Never thousand run.
307,290,False,2023-04-17,Economy whose physical hot brother and.
644,564,True,2023-09-03,National appear rise data.
576,56,False,2021-11-26,Us increase foot direction production choice.
58,1,True,2022-08-11,Base perhaps approach serve watch since group.
481,165,False,2023-01-07,Generation choice better citizen.
499,8,True,2022-01-26,Dog beat suddenly music bag church include.
640,382,False,2023-09-07,Left foreign figure.
109,387,False,2022-04-22,Sometimes five three nature.
385,377,True,2022-08-11,Call size interview. Just record involve drop.
381,314,False,2023-03-18,Lose play weight picture perhaps sing.
463,347,False,2023-02-09,Road board culture study scene.
340,270,False,2021-06-27,Despite involve just base.
406,151,True,2023-06-15,View view over trade card the suggest.
320,693,True,2022-07-17,Truth enjoy step consumer.
42,612,True,2022-12-06,Without indicate cell officer two bank.
685,345,False,2021-06-23,Outside doctor employee vote.
237,681,False,2021-11-16,Couple not drive summer take.
50,124,True,2022-04-03,Mr painting pay find message different still.
419,150,False,2024-03-24,Especially measure next.
234,289,True,2023-01-07,Focus travel product happy.
637,457,True,2023-11-05,Main scene property me leader.
254,674,True,2023-05-21,Above under indicate growth article defense.
41,59,False,2022-12-08,Authority others though worker likely such maybe.
589,404,True,2023-09-09,Open capital hotel personal reason.
127,9,True,2023-10-15,Skin anything may. Enter guy price end.
664,218,True,2022-05-19,Big main condition law day.
76,256,True,2023-09-19,Be him certain around raise again dog.
409,546,True,2024-03-01,Consider above true discussion yet appear.
110,386,False,2023-05-02,Student natural knowledge around building down.
458,353,False,2024-01-19,Stand peace contain thousand space.
100,410,True,2022-12-19,Also though time film response sign anything.
611,545,False,2024-01-20,Ok drive right family either.
643,441,False,2022-09-06,Apply behavior seem whose system big tree share.
296,352,False,2022-03-17,Glass pressure hear green social.
283,575,False,2021-11-13,Open run recently than sport role improve enter.
53,118,True,2023-04-30,Difference offer adult assume within.
460,35,False,2021-07-09,Glass whom chance fine. Movie ten meeting.
652,169,False,2021-08-21,Eat them what body option hour.
485,579,False,2024-03-18,Story billion speech than feel member bed rise.
147,291,False,2021-09-14,Data guess kitchen despite do message three.
412,448,True,2022-09-10,Against every sense behavior someone expect wait.
568,559,False,2021-06-21,While close itself nice defense.
294,446,True,2021-12-15,Herself yes commercial wear.
333,136,True,2022-02-28,Voice energy then political cultural.
300,397,False,2022-01-10,Nor couple thought him those phone day.
154,659,True,2024-03-12,Decision perform admit vote record group much.
489,652,False,2022-04-15,Trip everyone hope catch walk inside.
542,516,True,2021-09-27,Budget listen weight safe around join prove.
251,635,True,2021-08-22,Address think about of parent too country.
190,319,True,2022-07-30,Education dream reveal. Call song business oil.
667,578,True,2021-12-30,Million red popular. Arm paper whatever drive.
462,418,True,2024-02-16,Gas study simple alone this.
25,258,True,2023-12-24,Your land response bar him.
546,442,False,2021-12-10,Might door owner four.
366,202,True,2022-11-23,Suddenly wrong physical themselves color pretty.
607,436,False,2023-05-18,Force language report race.
213,94,True,2022-12-03,Themselves former local civil.
534,373,True,2022-12-01,Effect on medical chance project something.
108,682,True,2021-06-23,Avoid improve admit write.
566,654,True,2021-10-31,Actually family light give bed research whose.
378,144,False,2022-02-09,Resource discover crime.
23,53,False,2023-07-16,Individual debate history compare.
188,644,True,2021-07-06,Republican value power.
478,276,False,2022-06-17,Usually great fund notice so.
81,217,False,2023-11-25,Similar as easy support relate.
16,97,True,2023-05-05,Huge very market.
630,74,True,2022-10-18,Relationship doctor hotel too.
429,484,False,2022-08-10,Defense million position challenge fight.
292,71,False,2022-05-09,Sing they measure pressure building.
421,98,True,2022-12-23,Program meeting remember say believe modern.
394,259,False,2023-07-13,Better throw firm cell friend.
653,146,True,2021-07-12,Evening late program lot staff drug threat.
15,107,False,2024-01-16,Especially realize place bill another safe.
520,561,False,2022-08-03,Choice run watch true.
490,662,False,2022-06-23,Performance situation listen act democratic few.
698,570,True,2022-05-19,Receive only decision.
564,301,False,2022-07-08,Effect experience tell poor.
51,449,False,2021-12-08,Your certainly born able.
290,313,False,2023-06-19,Might find man guess close.
377,490,True,2022-06-02,Best house party.
449,166,True,2023-05-02,Environmental always physical rest.
46,666,False,2021-06-18,Almost least I thing.
679,636,False,2021-11-02,None something return race.
383,593,True,2024-01-27,Some stuff usually apply evidence newspaper.
353,556,False,2023-09-22,Address all charge beyond against.
650,537,False,2023-11-18,Window attack happy.
69,76,False,2023-04-09,Keep move evening recognize.
451,506,False,2023-06-10,Order any employee daughter under force.
493,129,True,2023-12-23,Then page student forward send because save.
601,117,True,2024-02-16,School might your.
199,172,False,2022-05-25,Dog Democrat no thousand.
695,524,True,2023-03-18,Expect rise fill whom entire.
638,156,True,2023-06-28,System car relationship memory.
480,519,False,2023-05-08,Pm step follow course choice.
551,428,False,2022-08-03,Himself take present seek.
19,248,False,2024-01-13,Decide old together firm citizen.
496,431,False,2022-12-18,Fact race should almost. Fish within allow.
328,75,False,2022-08-19,Very fish without seat force beat.
245,114,False,2023-02-10,Agree try most move.
26,179,True,2021-05-06,Tonight life possible establish body.
284,409,False,2024-03-11,Writer evening care mother game.
175,332,False,2022-07-30,Cause social stage just.
697,42,False,2022-07-26,Letter experience hand fear enjoy send truth.
243,583,True,2021-05-01,Debate act visit.
448,272,False,2022-06-02,Require term among she level arrive down.
332,587,True,2024-01-17,Buy executive by most.
297,142,True,2021-06-06,Probably stop stop however something.
129,544,True,2021-07-24,Western morning meeting add call our local.
193,381,True,2024-03-28,Both church dream hard magazine mean policy.
519,660,False,2023-09-21,Member deep better. Those ahead most plant hair.
114,459,True,2024-01-07,Film big wall social glass chair.
434,614,False,2023-10-17,Media over modern four. Show offer though top.
334,504,True,2021-09-21,Suddenly it service threat add.
183,183,True,2021-06-13,Tax huge upon subject enter consumer as quickly.
600,646,False,2024-02-27,Compare card clear indeed.
295,268,False,2023-04-27,A now actually center safe lot.
539,531,False,2022-08-04,Always eight theory first.
369,47,False,2021-05-31,Field kitchen allow floor agency hotel.
60,328,False,2022-09-20,Story go few arm drop week structure with.
280,285,True,2021-07-14,Power describe medical knowledge understand.
198,176,False,2021-08-19,Ask respond too. Even oil man book week.
31,658,False,2021-10-26,Cold follow prove man cut set.
223,257,False,2021-11-03,Add sense computer economy.
205,492,False,2023-01-15,Option various modern relate research single.
210,116,True,2022-11-18,Smile key some central when.
82,643,True,2023-06-24,Manager floor pretty respond.
324,101,False,2021-05-17,Blue sister type world reduce.
483,334,False,2021-12-26,Science interesting statement baby pressure.
532,348,True,2023-12-01,Sing week mouth day magazine.
396,399,True,2022-02-23,Meet usually yes special. Something yet southern.
464,668,True,2023-09-18,Also trip outside at future strategy include.
339,533,True,2023-11-16,He hot since from foreign lay.
309,699,False,2022-12-15,Center task strategy worker probably what own.
479,147,False,2023-11-17,Big food hair product he best.
683,691,True,2022-12-29,Bar Democrat garden chance adult charge grow.
454,468,False,2022-05-23,Heavy lose exactly least huge.
375,317,False,2022-11-16,Above test summer.
475,180,False,2021-08-14,Material run industry. Author hard her industry.
313,333,False,2022-02-23,Describe perhaps right.
101,498,True,2022-05-21,Structure agree speech face others discussion.
591,532,False,2022-11-03,Upon form agree common five.
63,479,True,2024-01-10,Scientist brother system bank above.
185,284,False,2022-03-25,Laugh maintain phone number movement down.
111,403,False,2022-02-13,Political brother reduce return hold music bag.
497,121,False,2023-03-04,First few test do own her senior.
634,633,False,2022-07-12,Situation head fish five nearly behind authority.
20,528,True,2023-03-28,Election add where. Figure baby itself recently.
387,224,True,2022-04-16,Consumer and them indicate half choice.
623,438,True,2021-05-05,Last even work likely now.
501,83,False,2024-01-20,Still middle matter at inside wrong.
268,240,False,2023-11-15,Firm radio pattern indicate computer.
289,653,True,2024-03-11,Together number maybe about wear trade agent by.
466,346,False,2022-02-19,President rather bar garden fight.
144,529,True,2022-01-25,Stay over sometimes factor worry no direction go.
692,596,False,2023-06-11,Cause write market actually skin full.
503,321,True,2023-10-26,Machine nature become face none.
293,369,True,2023-02-16,Provide although well role clearly.
469,30,False,2024-01-09,Everything amount help data.
410,608,True,2021-07-31,Police relationship resource investment similar.
645,149,True,2021-08-25,Write tax challenge.
217,538,False,2023-08-16,Apply interview actually could be.
137,398,True,2023-06-05,World quickly these truth.
690,621,True,2021-12-31,You program face detail chair.
364,367,True,2023-05-11,None arm industry effect before.
592,616,True,2021-06-03,Now movie view themselves property reach.
525,440,False,2021-10-16,Baby across short red alone.
6,443,False,2021-09-24,High over senior choice sign argue win.
71,433,False,2022-07-12,Blood suddenly ability attorney hand side effort.
502,262,True,2021-11-13,Former still so.
271,64,False,2022-10-01,However item trip activity dinner instead.
684,548,False,2022-02-13,Run call draw ok skill.
677,585,True,2021-07-11,Should suffer start.
264,6,False,2022-12-25,Ever official street west.
565,437,True,2022-05-02,Season return others traditional style.
115,12,False,2022-04-08,Occur explain analysis citizen eight window.
559,227,True,2022-05-02,For writer Congress series.
492,82,True,2023-03-22,Mind argue stop woman face interesting.
374,425,False,2021-09-29,Determine name usually bed.
606,91,False,2022-09-24,Energy federal collection value seek.
688,574,False,2023-07-20,Evening admit against yeah every practice.
36,88,True,2023-10-26,Wife two pull whom work.
179,181,True,2023-01-13,Sit level remember attorney.
626,550,True,2022-01-02,Know me green mean girl quality suggest then.
590,281,True,2023-01-14,Pm quite suddenly make executive turn.
367,32,False,2021-06-16,Not decade bit seem second something discussion.
149,638,True,2024-01-21,Join relationship help like seven.
214,154,False,2023-04-29,Necessary yeah appear good.
153,109,True,2022-07-23,Computer leg threat return same to.
399,55,True,2022-05-19,Member during school simple difficult.
642,62,False,2023-03-19,Call must citizen hair.
77,322,True,2021-05-26,Front play them activity.
632,542,False,2021-07-21,Miss play check three consumer involve picture.
177,470,False,2021-04-27,Father treatment then author. Church good expert.
120,271,True,2023-02-04,Issue many appear surface hear television many.
433,534,False,2022-05-20,Enough voice stuff ability part.
635,58,False,2024-02-11,Alone thank unit explain long turn north.
633,157,False,2022-04-20,Dinner land education guy.
288,222,True,2022-04-01,Politics moment each knowledge audience.
392,45,False,2023-06-24,Same near film develop benefit media.
143,148,True,2022-09-21,Network goal produce story tax above mother end.
674,527,False,2023-01-29,Find trade man enjoy food board finally.
603,481,False,2022-08-01,Tonight subject play everybody.
494,21,True,2023-01-23,Similar training possible sign rest behavior on.
112,370,True,2022-01-18,Off reason fill detail. Level Mr onto.
91,515,False,2021-04-25,Maybe individual toward big image while.
613,39,False,2021-12-02,Mean to available final must certainly choice.
401,160,True,2021-06-29,Once adult again start suddenly public cold.
329,190,True,2022-03-15,Reach apply hot ability hope natural road.
471,592,True,2023-11-22,Start sense where. Significant idea policy.
437,523,True,2021-11-26,Garden six wrong security.
285,189,False,2023-06-11,Sea old while. Decision though win if article.
585,351,True,2022-10-11,Yourself section daughter they.
593,619,False,2022-07-07,Your challenge rich dark different.
423,689,True,2023-11-16,Magazine tonight case understand.
319,297,True,2023-06-01,Mean cut scene town few late machine only.
516,686,False,2023-02-12,Day evidence member.
167,356,False,2021-06-26,Live last probably election political cause.
402,127,False,2022-03-22,Fund hear have smile begin language drop.
65,131,False,2023-06-20,Possible former guy anyone word sea.
152,451,False,2023-03-25,Gun area past. Show wind yeah respond.
649,119,True,2022-07-09,First design president tell work however now.
116,326,False,2022-03-15,Center her bit avoid.
303,501,False,2021-07-24,Rock another today just world question.
455,539,True,2021-06-30,Source dark amount million decision traditional.
476,676,False,2021-04-26,Southern probably describe your.
587,553,False,2022-12-03,Pattern size thought him system wall.
567,383,False,2022-08-12,In also wind suggest. Its from free.
506,510,True,2023-09-16,Now most pass million lose morning.
79,141,True,2023-03-08,Mouth wrong professional series factor.
665,336,False,2022-10-13,Listen year PM serious significant.
277,526,True,2022-07-02,Capital war market current entire.
231,128,False,2021-11-25,Interest thank me prove. Write Mrs wonder.
314,161,True,2023-02-11,Want push energy.
514,46,True,2021-06-01,Social form choose least.
344,402,False,2024-03-26,Part voice oil issue rich leg.
544,419,False,2022-05-19,Third gas carry within down state middle.
269,26,True,2024-01-23,Benefit stage baby loss.
229,279,True,2021-11-11,Lose out wish less. System seek information them.
123,439,True,2023-09-20,Nation support by determine size.
428,522,True,2022-07-10,Less whose shoulder represent physical wish.
459,305,True,2023-08-15,Close various morning be phone soldier.
186,283,False,2023-06-13,Less ahead line cup raise society.
560,486,True,2021-07-24,Investment everything spring item threat quickly.
168,155,True,2023-09-01,Around buy five.
686,139,True,2022-04-21,Federal create language just case.
132,331,False,2021-10-22,Detail vote him call provide know.
37,254,False,2021-12-27,One easy commercial offer bank certainly.
145,406,False,2022-05-13,Benefit use throw institution.
444,18,False,2022-06-10,Customer onto there offer.
90,61,True,2022-10-26,Why never six test commercial toward everyone.
504,599,False,2023-05-05,Medical take open foreign every nation number.
391,200,False,2022-02-28,Worker line strategy. American entire write.
253,245,False,2023-11-21,Order land guess point stock send better.
80,90,True,2022-06-02,Personal national wonder offer.
373,650,False,2021-05-21,Teacher writer expect government.
675,496,False,2022-09-23,Their threat describe affect.
673,661,False,2023-12-16,Front card wife many decide beyond ago.
318,92,False,2021-06-09,Show everything impact environmental boy.
562,193,True,2022-01-30,Performance eye civil conference.
432,312,False,2022-07-02,Occur herself hotel miss.
465,477,False,2022-04-29,Away bring relate before.
316,582,False,2022-11-13,Trial school purpose blue.
88,588,False,2021-12-22,Reduce loss political suffer.
395,216,True,2023-06-22,Generation before court main middle machine.
228,173,True,2021-06-06,Record week office voice new process.
500,667,False,2022-05-25,Along loss century ask leader too.
49,145,True,2023-10-17,Interest ten simple wear else.
169,365,True,2024-01-19,Second whatever either approach hold.
631,277,False,2023-09-02,Media wall dinner teach.
176,309,True,2022-02-08,Medical statement hope.
163,563,True,2022-06-03,Section prove scientist try degree lawyer.
549,275,False,2023-05-03,Office member state realize collection majority.
134,495,True,2024-03-05,Impact kid factor time both girl.
349,620,False,2024-02-23,Church this police life respond fill until.
224,685,False,2022-07-26,Matter development deal put less.
142,569,False,2022-06-13,At speak most assume.
405,647,True,2022-04-13,Follow record drop have.
9,613,False,2021-12-03,Recognize style leg model accept again.
83,601,True,2022-10-11,Guy artist hair important protect paper.
678,252,False,2024-01-24,Bank case part carry eight.
310,540,True,2022-12-29,Threat bag factor per run floor.
518,204,True,2022-02-23,Reality area car mouth indicate very team.
696,230,False,2021-09-02,Blood decide head good Republican perform.
181,77,True,2021-07-19,Win whether me decide believe ever section meet.
426,421,False,2022-08-20,Reason her put will nice issue have receive.
325,488,False,2023-11-14,Society reduce include idea.
212,191,True,2021-08-05,Memory radio relate he class.
515,462,False,2022-11-01,End my lawyer far role speech.
622,185,False,2022-12-22,Court indicate standard main let only.
614,655,False,2021-09-14,Like policy rule course kind daughter.
389,586,False,2022-07-30,Its never day back career language.
155,624,True,2022-10-06,Them painting several. Along eye dog.
278,300,True,2024-03-06,Rate tax trial space miss.
338,461,False,2024-02-18,Decision he mean young.
681,444,True,2024-01-21,Mind why discussion computer front interview.
658,471,True,2021-05-22,Add here above hope.
