id_almacen,id_publicidad,fecha_brindada,presupuesto,solicitud
553,85,2022-06-02,40916.81,Note either picture.
653,646,2023-02-06,3583.99,North contain bring offer.
379,601,2021-10-06,34148.62,Edge unit argue.
651,201,2022-07-02,3918.78,Sit care activity program.
341,266,2022-05-15,1153.93,Star protect red find.
357,506,2022-07-26,29016.19,Road teacher process.
375,203,2022-04-01,32187.99,Perhaps firm produce.
571,343,2022-02-12,35318.09,Find Mr wonder trip manage.
19,4,2022-10-26,34725.76,Stop over wide say.
2,384,2023-03-20,1961.63,Air describe tonight quality.
636,650,2021-07-08,4608.83,Go compare last far impact.
306,623,2023-10-10,19943.31,How institution report force.
696,8,2022-06-20,32345.62,Something challenge any ok.
171,231,2023-10-11,33481.31,Land finish everyone however.
479,349,2022-07-11,32024.07,Could interest court seek.
297,613,2021-08-14,28870.78,Company church may provide.
335,558,2024-01-01,1892.56,Grow yes entire decide.
245,600,2023-08-30,13592.03,Those yet new.
244,9,2022-06-26,26070.14,Sign great none.
252,244,2021-06-23,18647.17,Safe remain kind bill.
524,589,2023-07-09,19158.57,Fast on top ok truth.
83,526,2022-10-10,9956.32,Open simply last local.
118,449,2021-04-24,45440.87,Interview scene own cost.
385,345,2023-04-01,4291.7,Tonight account idea value.
489,301,2021-11-25,27711.94,Out detail agreement.
633,297,2023-07-17,43298.0,West outside enter even year.
391,25,2024-03-01,21082.74,Unit matter movie than.
193,615,2021-12-10,31933.6,Positive must save can fish.
54,404,2022-02-05,5303.31,Boy wrong a hour government.
71,287,2023-06-05,44537.84,By son prevent.
454,665,2022-06-23,38775.89,Price newspaper nor send.
230,544,2022-11-03,19291.99,Space rich where what.
451,7,2023-10-25,31460.65,Heavy structure key song.
279,212,2023-08-23,12729.27,My summer sister hair add.
458,582,2024-03-12,41273.64,Such seek participant site.
491,78,2023-02-02,1814.86,Test hit thank dream.
593,603,2021-12-21,32129.17,Support student old Mrs.
576,194,2023-08-26,37408.42,Wrong make next.
407,292,2023-04-15,2739.5,Real account occur affect.
453,129,2023-10-29,44176.36,Can third level.
538,158,2022-12-04,19180.4,Meet field memory.
526,674,2021-10-01,49804.83,Individual feel threat lot.
584,62,2022-11-15,29987.07,Baby start board chance.
65,595,2023-08-02,34775.18,Crime first stuff claim.
115,168,2023-03-03,10261.28,Single fast leader adult.
266,393,2022-01-03,19889.15,When firm offer.
51,482,2022-10-05,17584.79,Argue reason never Mr.
202,641,2022-08-08,8675.51,Hope need summer forward big.
155,644,2022-08-01,39756.26,Site home any.
429,102,2022-12-03,30960.08,Stop lawyer daughter.
646,22,2023-02-14,29236.27,Role pressure wish land.
664,321,2023-10-19,47003.84,Evening west hard walk wide.
552,103,2024-01-20,12886.57,Key cup always.
318,125,2022-11-29,7989.53,Activity offer town good.
354,157,2021-05-20,16020.41,Tell start structure.
265,693,2022-08-19,8777.55,Several agree sit.
686,54,2021-10-03,33489.9,Eight director can.
606,237,2021-09-23,41734.56,Just race once source.
697,342,2021-10-27,4668.19,Everyone painting arrive.
23,302,2022-04-04,20161.27,Trial work section nation.
440,204,2022-12-14,33831.23,Born method short city.
8,550,2024-02-09,40997.97,Understand once house land.
99,512,2021-07-04,48021.1,Meet win bag subject.
178,677,2023-12-11,33102.61,Box agent state little.
598,84,2021-06-30,14050.99,Town sea debate them.
419,567,2023-07-02,48893.4,Author red public sell fire.
549,488,2022-11-24,19432.59,Democratic war tonight fund.
647,333,2022-01-22,18055.76,Poor cell fear.
601,351,2023-12-09,39166.03,Soon determine heavy.
570,427,2024-02-22,44700.16,Fill drive deal factor this.
448,504,2021-04-29,30401.51,Life answer school group.
622,462,2024-02-25,12842.25,Compare hotel near plant.
231,132,2021-06-15,25629.01,Other require police hand.
536,34,2022-09-09,12188.28,Raise before prepare.
575,295,2023-04-11,9350.37,Boy deep control.
588,187,2021-09-17,25147.21,Whom town defense thing.
659,617,2023-07-17,17021.07,Policy artist ability eat.
250,361,2022-08-14,34577.65,Plan face sense impact.
529,50,2024-02-28,45129.65,Should voice base offer.
153,169,2023-05-19,43564.63,Avoid decide deal you in for.
217,265,2021-08-26,21447.38,Reduce size building son.
364,606,2023-06-06,6332.51,Score state sister certain.
224,376,2023-01-04,12593.48,Science raise central of.
541,273,2022-02-16,19628.13,Particularly receive rest.
311,309,2023-05-30,33507.69,Why chance I.
233,618,2021-11-12,5166.59,Make class listen lawyer.
13,253,2024-02-09,32213.21,Tv fall strategy serious.
665,455,2023-03-26,22247.27,Represent mission maintain.
658,230,2023-05-13,7789.13,Firm civil maybe although.
4,72,2021-09-28,27173.26,Eight on human suggest.
683,56,2023-09-26,21989.32,Fire account hundred add TV.
639,13,2021-10-23,31541.07,Until necessary last.
84,469,2023-06-19,19210.49,Do break network certainly.
691,581,2023-09-19,39621.74,On ago budget.
607,214,2021-07-10,20444.99,Mind treatment Mr wall.
521,188,2023-06-10,41241.58,First top partner dinner.
564,499,2023-03-20,13601.52,Price sometimes fact view.
26,643,2023-06-07,3114.13,Close whatever woman service.
677,580,2021-08-03,15794.33,More happen response let.
16,366,2022-02-21,33794.23,Crime government list look.
663,307,2022-11-13,30385.79,Figure training product hope.
123,663,2022-05-18,49237.86,Way threat indicate.
269,190,2022-06-09,8063.48,Plant happen reveal.
390,314,2021-10-24,19224.99,Amount recent Mr.
249,660,2022-08-20,27996.23,Attention choose final.
394,556,2022-11-04,15491.22,Practice PM heart whether.
502,573,2024-01-15,39302.58,Measure become best.
228,687,2021-10-08,47204.64,Common pay gas nothing.
578,95,2023-10-12,15715.17,Will surface official.
91,130,2023-01-16,44755.57,Enjoy amount attention wind.
398,260,2022-05-10,48104.82,State car behind box.
418,433,2021-10-03,46515.7,A ball feel police itself.
497,198,2021-12-20,42344.64,Final sport field order.
331,694,2022-11-04,8647.24,Decision decade box.
131,627,2022-10-14,29019.77,Buy PM back able.
550,664,2022-06-16,33328.36,Upon imagine house.
373,115,2022-03-23,25497.09,Necessary hard onto.
287,337,2021-06-27,47423.21,Beyond full small attack.
444,530,2021-08-20,4230.73,Whether across model effort.
307,607,2021-07-30,27621.03,Generation trip rise.
346,326,2022-09-19,5362.21,Economic shake again body.
162,594,2024-01-14,49801.04,Tree success range window.
533,636,2023-11-19,10542.35,Often safe action change set.
259,341,2022-12-31,40344.12,Table television respond.
180,328,2021-11-04,9260.46,Matter onto century.
43,557,2023-05-07,14295.26,One several space necessary.
223,403,2023-06-03,31358.13,Executive note nation movie.
430,202,2023-09-20,13056.49,Pretty ok glass guy.
359,316,2023-12-07,29492.79,Along include word manage.
484,534,2021-07-24,18431.81,Response since traditional.
104,502,2022-04-06,42851.23,Mean next become bring.
235,227,2022-02-15,26556.94,Or theory responsibility.
352,423,2022-09-08,39708.3,Than force local degree will.
392,588,2022-04-24,24051.2,Each debate just analysis.
226,437,2021-05-02,48295.56,So word simple tonight.
199,517,2022-12-16,3350.59,Would fast be he.
679,108,2023-05-14,13943.8,Finish energy chair manage.
166,213,2023-07-24,25608.27,Else list then but.
648,232,2023-03-07,36797.76,Sea despite improve lay.
657,690,2023-06-26,5713.15,Opportunity whose also.
20,528,2022-06-22,19446.57,Miss size box black.
183,566,2023-11-07,34494.48,Though order above spring.
173,434,2022-08-25,46422.03,Different future senior.
55,430,2021-04-30,22347.03,South party land.
220,681,2021-07-23,47998.9,Every hear town year really.
256,457,2023-02-16,2944.85,Will various behavior.
139,700,2023-03-15,45939.04,Pull successful but child.
574,267,2023-09-04,34366.68,Security send west sound.
417,452,2021-09-29,25688.57,Official whose nature word.
76,565,2022-03-08,48821.66,Here energy matter.
700,200,2022-09-26,17546.37,Describe sometimes high when.
101,100,2022-01-14,43999.34,Season factor idea hour.
138,156,2021-07-06,30069.55,Wonder get me investment.
482,106,2024-03-02,24158.35,Hour maybe pass seven.
119,666,2023-07-28,10326.48,Claim leg view.
527,410,2021-07-24,49872.21,Of system year.
676,236,2023-09-04,24333.97,Authority pick admit name.
626,394,2021-04-25,42197.01,It goal ten memory.
251,620,2022-07-30,23757.34,Public herself environmental.
38,492,2021-12-10,39073.7,City yet make news live.
443,568,2022-12-06,4926.49,Same citizen follow purpose.
540,619,2022-11-20,8021.17,Hit long history owner rate.
78,524,2023-08-09,40799.5,Site figure candidate.
618,109,2021-08-29,26961.72,Imagine page trip pass final.
156,513,2022-07-30,34591.2,Network subject guy answer.
191,55,2021-05-29,4216.72,Rule spend my receive.
46,248,2021-06-27,44691.77,Attorney rich base.
80,196,2023-09-21,8228.68,Article your movie action.
57,484,2023-07-05,30420.3,Will nature many age.
561,74,2023-01-18,11245.41,Several provide tend.
81,150,2023-05-06,34106.01,Else full know.
569,228,2023-02-06,40444.04,Have song usually rather.
548,531,2022-09-20,32925.61,Ahead short against happen.
500,234,2021-08-07,9790.14,Respond consumer low.
579,655,2023-09-29,3808.6,Science face seek.
672,36,2023-10-17,18974.15,Model behind above mention.
120,339,2022-12-23,38466.36,Chair will couple unit.
7,371,2022-12-28,10035.43,Bill society case so other.
53,117,2022-01-01,21125.52,Interview most future sister.
600,49,2022-01-07,17497.84,Fund think author believe.
642,395,2022-06-15,35299.22,Coach whom with.
488,329,2023-02-25,15774.92,Network baby money current.
63,45,2021-07-24,24185.58,Decade public future sense.
610,448,2023-11-29,41120.37,Oil yeah member.
132,151,2024-03-29,45839.08,Example number behavior hard.
140,276,2022-08-10,11150.05,Technology leave under my.
353,182,2022-07-09,30992.21,Mouth interview trade born.
293,218,2022-02-02,32261.05,Describe station nearly.
197,626,2022-02-11,34518.62,Or deep her issue world.
461,298,2023-12-31,3028.49,Every check long popular.
56,583,2024-03-11,28870.74,Final growth tend fight.
221,305,2022-04-23,31764.15,Manage beautiful imagine.
475,131,2023-04-27,47924.27,Computer as cell go both.
330,47,2023-07-09,19517.76,City door thousand mention.
185,285,2022-03-11,20245.48,Culture use animal wide.
137,96,2021-10-11,20941.24,Day here start his.
212,23,2023-11-22,3636.16,Month history apply space.
650,575,2021-07-13,40911.98,Visit building people camera.
688,612,2021-05-29,43582.45,Capital indeed address value.
360,240,2024-04-04,3803.03,Surface company you onto.
243,651,2022-02-07,3846.09,Mind those end.
616,596,2022-03-23,41557.83,Final picture news according.
410,397,2023-05-25,34325.43,Entire truth car full small.
174,252,2023-02-06,46967.86,East direction chair manager.
305,181,2022-10-22,26034.32,All particular other either.
122,659,2022-10-26,19400.33,High Mr recent notice none.
222,679,2021-07-30,26839.68,Coach center report ball.
194,402,2022-08-06,17990.33,If fact group cold teacher.
282,210,2022-02-12,45955.83,Wall check house southern.
107,578,2024-02-19,37898.22,Same from enjoy smile plan.
14,597,2023-09-05,42268.73,Truth we onto determine.
10,522,2021-10-03,9868.8,And year idea member.
289,195,2023-05-21,33324.46,Cultural do about throw.
544,259,2021-04-28,10338.95,Report send matter.
206,675,2022-05-11,31038.23,Free manager weight strong.
380,593,2023-12-10,44934.28,Focus compare nor season.
344,21,2022-11-12,4776.47,Hear picture both ability.
85,215,2022-03-25,34575.38,Through memory tax.
509,671,2021-06-26,37359.84,Point heavy radio alone.
374,569,2023-03-12,11453.4,Without new generation loss.
254,161,2023-09-20,20579.31,Loss send partner.
599,154,2022-02-03,15155.47,Until check two bar.
654,216,2021-07-11,29168.62,Expect travel across work.
88,330,2023-10-24,31716.26,Police month everyone less.
225,245,2021-08-13,6125.66,Future policy song.
573,48,2023-10-28,22511.87,Kitchen most fall live.
559,294,2023-07-11,20062.22,Than give poor wife gun ask.
58,38,2022-05-30,12720.62,Factor beyond my church.
1,635,2021-11-18,42274.03,Financial admit top work.
630,507,2022-02-13,38088.08,Approach later family.
258,505,2022-03-01,47870.8,War simple clearly plan.
513,189,2022-10-16,36293.41,Garden person nor green.
234,197,2022-12-13,13342.56,Capital accept little try.
523,313,2023-01-17,27620.28,Day ready director happen.
30,529,2023-06-14,44414.5,Million benefit hope.
542,508,2023-01-20,46624.62,Protect ability peace pay.
627,561,2022-10-19,18489.3,Thus industry appear common.
433,631,2022-09-28,32948.42,Listen school thing a choice.
216,138,2022-02-24,10042.35,As western need in church.
149,364,2021-11-01,27944.62,Purpose have certain.
377,183,2024-04-08,41932.24,War green everyone blue easy.
322,382,2021-06-13,40211.74,Write film person try feel.
333,249,2022-07-23,7132.84,Southern woman me.
161,587,2021-11-06,36451.57,Home garden office green run.
17,70,2023-04-20,34555.26,Ready team type state value.
537,57,2024-03-11,10037.1,On leave term decision.
323,270,2024-02-02,7275.54,Week level loss tax.
242,255,2021-09-15,16362.43,My Mrs any like.
36,515,2023-03-04,1752.63,Others at above simple.
313,77,2023-05-07,6378.92,Notice personal despite now.
512,101,2024-02-03,34080.06,Big understand PM might.
403,315,2024-02-26,24397.11,Organization skin or.
506,81,2021-07-19,6339.48,Budget two dog just class.
315,406,2022-02-21,13502.26,Later central old.
210,542,2021-05-14,17404.11,Central painting mission.
551,373,2022-11-29,12107.19,Then trip senior over.
401,30,2023-08-22,39937.88,Sell audience among light.
298,355,2022-07-16,31298.7,Phone thus him blood.
481,511,2021-09-14,12470.27,Center health strong break.
416,303,2022-03-06,44443.59,Assume hot environment.
472,386,2022-09-18,16351.66,Sell appear ask left fill.
89,479,2021-04-22,9610.63,Age station money as edge.
68,426,2023-09-30,9479.98,Discuss make first her.
158,579,2023-06-24,22099.49,Seek rock only better.
366,288,2023-02-01,16413.64,Sea be he mention social.
50,32,2023-12-18,16382.35,Mr technology both.
692,487,2023-03-21,40374.52,Place unit address.
276,299,2023-11-15,23773.29,Food dark sport compare.
263,41,2022-01-01,24472.54,Hand huge health simply half.
44,335,2022-12-26,1118.08,Use usually job.
261,625,2024-03-18,6491.47,Economy risk lawyer audience.
125,263,2021-04-16,46392.05,Time personal risk less her.
510,622,2024-03-17,25063.18,Sport sound probably.
399,289,2021-07-03,48780.63,Mouth big boy television.
503,481,2022-10-13,25617.1,Environment mention why beat.
343,286,2022-03-22,9338.65,Town second long season.
324,409,2021-10-21,32476.56,Read big because population.
316,431,2022-08-12,14608.0,Example industry forget.
471,633,2023-09-02,36014.39,Crime both heart keep red.
47,367,2022-05-18,47502.65,Section start stuff sort.
218,159,2021-10-18,11503.09,Do human drive score.
546,133,2023-09-03,49628.87,Man take within civil.
378,436,2022-07-19,36999.11,Specific for media.
528,18,2022-10-14,38456.44,Author from answer do.
25,360,2022-02-10,31963.21,Today race everything build.
662,163,2023-02-18,39228.3,Have trip movie people.
40,359,2022-07-13,35372.93,Friend culture marriage thus.
445,695,2021-08-23,49063.54,Carry Democrat step have.
247,475,2023-10-15,33506.24,Along trial expect notice.
272,17,2021-10-29,18977.38,Of similar evidence language.
22,661,2021-04-26,19523.49,Under third mission body.
351,696,2022-09-20,23186.19,Heavy behind material ground.
467,540,2023-09-16,48433.8,Nothing school enough stand.
301,380,2021-12-28,8522.74,Mind program fall.
319,470,2021-11-12,47937.41,Suddenly trip space economic.
621,383,2022-08-21,18002.24,Music standard whose.
157,331,2022-07-16,13383.79,At lose close paper.
620,246,2021-09-20,22598.44,Them image son.
152,471,2021-08-06,6427.74,Energy item far see approach.
661,654,2021-11-23,36497.16,Ahead light hot also against.
674,698,2022-01-02,19772.68,Name short region popular.
113,541,2021-06-16,29909.78,Good challenge well subject.
439,90,2022-03-15,19687.14,Develop group red.
556,278,2021-07-06,49156.41,Simply share stay young head.
167,64,2022-11-07,26748.79,Song door staff every.
273,105,2024-03-15,33133.35,Develop really career.
241,325,2023-01-04,48535.59,Personal feeling box society.
602,327,2021-06-03,47208.06,Executive lot budget son.
29,42,2021-07-30,33519.1,State shake enjoy.
175,184,2023-11-15,22585.23,Seem hit again property.
90,238,2023-01-04,5849.67,Talk any role drop crime.
557,459,2024-03-04,36115.84,Probably which wait.
281,621,2021-10-08,27553.25,Once way kind.
518,610,2022-01-26,23373.69,Science full dinner him stop.
328,293,2022-03-17,47609.76,Central employee test.
205,52,2021-09-13,45309.67,Nor common rock race.
239,447,2022-02-14,44927.98,Energy behind sing officer.
154,417,2021-06-21,27636.07,Always summer ago day next.
412,443,2021-08-11,23547.56,Statement stay firm dog.
681,630,2023-08-05,42601.17,Significant name eat.
572,28,2022-01-14,4692.42,Join other that support leg.
172,89,2024-02-22,30220.97,These bring daughter lawyer.
253,699,2023-07-22,4611.33,Method outside few positive.
348,548,2021-08-30,22350.66,Build perform deal reflect.
236,422,2023-04-04,40987.84,Operation have discover.
133,233,2023-12-12,28661.18,Though follow drop ever old.
327,554,2024-02-29,35598.1,Thing large loss tax hand do.
67,162,2024-03-11,27148.29,Hot bed south.
116,145,2022-10-02,34949.91,Bed yeah simply far.
98,673,2023-09-28,41537.77,American born sit market.
668,396,2021-12-17,4429.36,Experience including case.
150,450,2023-08-05,43698.15,Seat leave bit most measure.
470,498,2021-07-23,12138.01,Letter author well.
211,424,2023-07-07,45238.32,Huge little summer community.
480,155,2023-03-10,6560.63,Teacher finish need suggest.
146,164,2023-08-18,47518.92,Stuff compare artist long.
515,571,2023-12-29,19251.71,Fund identify family page.
582,407,2024-03-01,10330.56,Treat memory student.
184,180,2023-04-12,16416.76,Data create ten work.
613,88,2022-03-13,47768.12,Cell state according.
345,69,2022-03-19,26728.69,Then quality yourself also.
383,144,2022-06-17,23046.61,Chair stop as choose camera.
255,634,2022-07-31,25219.18,Glass hard federal himself.
473,68,2024-01-13,12468.03,Up also other peace a peace.
5,165,2021-11-07,48044.41,Much choose idea the.
499,27,2022-01-11,38481.5,Lead bed than attorney want.
667,192,2022-12-26,5726.76,May back else someone place.
325,121,2022-06-09,17684.27,Which relate author.
402,122,2023-10-21,6287.07,Sometimes drug response this.
442,605,2022-02-05,8447.37,Before land plant.
213,223,2023-11-21,11967.96,War Mr throughout wife.
93,585,2022-11-04,10620.98,Seek control century ago to.
294,59,2023-05-29,49763.97,After public speech game.
581,494,2024-01-25,32254.1,Defense bring join outside.
15,668,2023-08-05,24593.15,Difficult ground pull either.
240,473,2022-09-26,41468.78,Card issue bring many.
349,536,2021-09-12,32757.26,Police me line individual.
95,416,2024-01-02,25624.4,Late five performance.
367,688,2021-09-05,39345.32,Huge operation begin explain.
566,39,2022-09-08,16860.66,Class carry evidence day Mr.
666,279,2024-02-22,5280.53,Modern score himself hand.
421,191,2021-12-13,35488.16,Bag along find hand.
82,559,2022-12-11,19430.3,Media kind what.
35,225,2023-08-09,12904.26,Protect while crime.
337,358,2024-02-13,40263.21,Fact realize air entire.
127,243,2022-06-11,40537.02,Concern dog image how.
303,281,2022-05-23,46469.56,Produce debate physical game.
60,126,2022-08-12,17603.14,Score look religious message.
631,624,2021-05-16,42389.14,Bank position matter.
73,428,2023-11-08,21520.59,Radio indeed mouth green.
302,127,2021-11-17,24492.4,Concern large green lawyer.
257,114,2023-02-21,7048.55,Happy president those sit.
310,444,2023-01-06,29726.07,Draw face save carry.
134,323,2023-11-26,25299.33,Ever tell analysis officer.
292,591,2022-03-28,30009.98,Skin race before your.
196,485,2022-04-22,49953.31,Near school suggest.
400,362,2022-03-26,35155.3,Firm cup deal save century.
355,338,2023-08-27,12137.52,Win series property.
143,2,2023-05-31,38197.55,Charge market Congress over.
615,119,2024-01-16,8224.78,Agree middle positive follow.
408,15,2023-03-15,38670.33,Old study least maintain.
207,274,2022-01-20,12473.27,Loss tend north sign image.
487,503,2021-04-24,29395.03,Science TV service among.
208,477,2022-08-29,23249.8,Foot front mother well.
312,67,2021-04-20,23242.11,Baby owner major director.
320,440,2023-05-25,36860.23,Fill democratic thank stand.
438,684,2022-03-19,49958.39,Then charge development.
52,98,2022-02-21,27576.58,Drive later want myself why.
365,256,2023-08-14,26283.25,Floor put out imagine trade.
314,560,2021-06-15,41528.67,Series first fly never.
219,419,2023-02-02,20155.44,Language because than hour.
108,642,2023-03-31,2149.68,Ground the former animal.
362,400,2024-01-08,3324.04,Piece reflect interest unit.
332,113,2022-09-03,38884.67,This allow appear.
338,546,2022-01-03,19666.57,Want product place inside.
466,474,2023-05-20,12854.18,Less network beyond least.
246,179,2022-02-27,3984.14,Those which PM should.
516,142,2023-02-17,23676.99,Least course thank thing.
130,438,2023-10-30,33407.16,Job behind trade beautiful.
609,60,2024-01-04,6345.25,Will either itself very.
160,408,2022-09-07,8373.96,Pattern million test.
422,290,2023-11-29,37925.44,Seven fish role worker.
456,354,2023-09-08,24957.07,Maybe throw movement.
689,242,2022-11-17,30217.62,Reflect benefit life bring.
469,172,2023-07-01,19004.09,Answer edge animal space.
411,167,2021-06-29,32215.36,Win defense huge may.
203,166,2021-12-14,32842.85,Vote be deep law.
109,356,2021-10-25,40128.08,Rather cell listen quite.
69,387,2022-06-23,30315.77,Deal reveal summer.
227,211,2021-12-28,28872.85,Authority either join.
309,118,2023-06-14,5294.64,Moment compare agent room.
486,689,2021-09-30,3976.73,Reality too energy.
644,33,2023-10-26,25150.94,Yourself red soon then.
308,296,2022-05-17,49463.62,Speech sister suggest.
508,26,2023-05-31,47649.89,Civil boy natural feel.
128,656,2021-10-30,32588.72,Minute west quality.
645,264,2022-05-12,23116.6,Worker television area.
543,496,2021-10-05,11097.78,Or director mouth age.
339,40,2021-05-04,17735.83,Stop subject best.
675,58,2023-01-20,21193.74,Task positive blue.
393,82,2024-03-19,45668.0,But serve billion somebody.
195,344,2022-02-24,30579.82,Both six study form.
189,357,2024-03-17,14478.97,Hotel at remain within.
426,284,2024-04-12,36191.21,Deep people front ten.
463,10,2024-03-24,7596.01,Success main old four.
504,53,2021-08-12,47054.92,According letter move voice.
490,551,2021-05-21,27699.42,Subject take get home.
192,432,2022-06-15,19806.49,Stock dinner sell field ok.
425,598,2024-02-04,7361.1,Common kitchen after boy.
596,186,2023-07-03,41771.2,Region watch gun.
432,261,2022-10-18,23081.34,Church just economic again.
329,220,2021-10-23,38995.85,Still talk medical attack PM.
585,80,2021-08-18,13673.5,The level allow card.
494,269,2022-01-14,3169.86,Anything air these artist.
291,224,2021-07-28,33201.42,Image agreement bank result.
449,350,2023-06-09,21199.92,Tv pretty enter.
389,277,2022-09-05,32000.91,Early real one start pass.
267,375,2021-11-22,17053.28,Employee form police.
586,139,2023-02-26,2731.5,Character time job beat five.
142,107,2022-04-29,18777.27,Approach peace change.
605,425,2022-04-13,13479.22,Begin account particular.
424,318,2023-06-29,49370.77,Prove might young room.
388,206,2022-05-12,7805.87,Draw then author who.
376,1,2022-05-05,29532.59,Bill establish movie nearly.
317,124,2022-06-17,16693.09,Worker bed specific child.
554,678,2022-10-22,15475.99,Maybe far house who.
368,405,2022-04-21,40582.25,Painting recent animal home.
693,176,2023-02-24,36820.24,Stand along use.
96,379,2023-04-07,31365.58,Growth example dream number.
75,51,2021-06-03,47083.25,Such a close center good.
232,458,2022-01-31,28807.84,One top culture message.
460,149,2022-11-08,21266.93,Film focus base might.
356,653,2022-08-31,2523.42,Drug employee above kind.
405,247,2022-01-01,8042.18,Not need machine.
555,152,2024-03-13,35378.37,Glass least traditional.
45,399,2022-06-15,44928.29,State meet marriage above.
110,310,2021-08-25,48753.49,Care similar song identify.
79,76,2023-11-04,47674.66,Your it as carry.
592,676,2021-07-29,35713.02,Drop pretty different.
288,147,2023-12-16,15700.25,Professor item pattern night.
277,500,2022-11-21,2432.75,Democratic hear various fill.
612,174,2023-05-16,31493.43,Shake window country.
28,143,2021-07-04,20905.49,Line movement short baby.
580,509,2022-01-23,32213.23,Relate over history store.
105,476,2023-02-02,28483.07,Imagine stand later fight.
638,363,2022-05-25,13032.6,Firm item expert control.
350,466,2023-06-24,44271.46,Dream black magazine hundred.
634,370,2021-08-09,41658.42,Good later blue.
6,525,2022-11-24,27943.52,Bar play think watch need.
87,136,2023-10-01,3995.18,Vote whatever activity.
286,63,2021-12-28,41562.19,Office leader Congress.
176,662,2023-09-08,49380.46,Television hospital left.
577,332,2023-03-14,45853.0,General amount work.
124,572,2022-01-26,28689.04,Herself large some time dark.
413,135,2023-09-28,49518.28,Very training song.
371,160,2021-11-09,41332.57,Foreign company hot top.
643,454,2021-04-15,43333.63,Anything expert move.
198,347,2023-02-18,48735.73,Middle indicate above else.
334,415,2022-06-06,44222.7,Discover attention wish.
186,420,2022-02-19,34651.07,Leg finally dog.
304,79,2024-01-03,8941.73,Yeah nothing wide I dream.
441,667,2023-05-27,48524.84,Draw pull including.
619,205,2022-12-28,24011.19,Part term impact phone bag.
690,275,2023-11-02,15032.26,East claim star cup.
3,514,2022-12-28,11505.65,Even space else miss himself.
215,537,2022-03-27,36182.38,Theory financial card.
640,324,2023-06-17,16930.48,Several before year.
695,340,2022-04-01,48884.78,Group probably offer grow.
617,539,2021-12-05,48092.9,Item build six.
145,672,2021-10-06,5750.89,Because before it three.
370,368,2024-01-17,36107.63,Step car instead morning add.
519,65,2022-09-09,42278.43,Effort year season.
427,532,2024-03-17,46923.48,Option large sound fire.
21,112,2021-06-06,43110.39,Partner quite bag.
77,657,2021-09-11,32232.67,Within door mouth determine.
505,497,2023-06-01,35692.85,Draw determine people talk.
477,468,2023-04-10,8158.59,Vote sense speech shake rest.
404,306,2024-03-10,5841.37,Better senior model charge.
384,19,2023-09-23,14801.32,Not system inside technology.
141,140,2023-02-02,38816.18,Finally maintain whom field.
415,429,2022-06-30,39060.43,Couple figure represent ask.
517,647,2021-08-20,35576.08,Forward hard husband purpose.
608,592,2022-10-21,3693.01,Be often bed area music.
70,553,2021-09-05,32755.79,Movie interesting bag have.
72,99,2022-10-09,17035.19,Season edge away ask.
62,483,2021-12-06,37326.43,Still account test be.
97,491,2024-01-19,30950.2,Point sure deep rate.
532,75,2023-07-19,5948.33,Other to simple.
32,510,2022-06-06,48609.5,Mission kitchen include low.
34,177,2022-10-15,4452.19,Push give foreign whether.
514,456,2021-08-28,37182.91,Benefit since reduce past.
567,37,2022-10-04,6031.57,Able number state cold.
159,639,2021-09-21,44644.99,Director effort next similar.
414,611,2021-10-09,18181.66,Everybody bring world.
450,451,2022-05-17,14007.92,Require official program put.
423,632,2023-08-09,10683.21,Serve magazine guess.
455,584,2021-08-15,35954.15,Body how necessary rise.
483,148,2021-08-10,21116.42,Blood true because mind.
437,533,2021-06-04,36650.27,Production manager care.
262,128,2021-09-20,15894.45,Old cover yard hear.
284,645,2021-10-02,36878.39,Explain window personal Mr.
565,390,2022-01-25,13430.83,Less score must I drug here.
102,173,2022-02-27,16987.2,Face enter while again total.
237,365,2021-06-13,11194.27,Church long race.
358,670,2024-02-16,20483.81,Back soldier fly.
623,374,2023-10-24,34856.36,To student writer at provide.
147,486,2023-04-06,26799.52,Forward PM manager baby.
126,629,2023-11-12,43714.39,Rate others but.
321,137,2022-02-08,18299.3,Price modern thousand.
545,586,2024-04-04,25366.22,Area expect sing address.
295,93,2022-07-23,43700.91,Tough cell trouble by.
117,683,2021-06-10,45290.35,Catch boy pattern old.
535,14,2021-09-14,2092.05,Home major their.
682,3,2022-09-29,14076.68,Old story attorney budget.
31,219,2023-05-15,8103.65,Front official instead.
275,222,2022-03-29,36855.45,Artist make dog.
447,5,2023-09-29,36592.2,Something system PM run.
595,352,2022-09-29,34606.33,Explain fight rule can.
507,463,2023-03-06,38294.15,Happy share home office.
625,527,2023-02-04,32217.22,Too more mention thus.
340,682,2023-07-01,8640.28,Meeting any star first.
39,29,2021-10-07,18925.38,Worker marriage the foot.
48,652,2021-05-29,27874.34,Unit crime night her.
229,543,2024-01-22,6723.19,Money increase kid.
300,604,2021-12-26,4770.76,Open last drive fall.
563,391,2023-07-20,7869.82,Need still evening.
635,258,2023-11-20,36136.97,Could news page.
496,398,2022-01-21,36669.28,Debate single read.
168,501,2023-10-17,35132.0,Today half certain.
188,421,2022-08-28,19429.72,Plant field pay while thing.
169,193,2021-12-09,43752.56,Approach role receive room.
637,16,2021-09-10,32599.41,Former film bed lay avoid.
290,590,2022-06-18,15741.23,Play option wonder.
238,254,2022-05-22,38784.06,Walk between approach budget.
628,146,2023-09-17,23174.6,Business city wait goal or.
539,141,2024-01-08,40236.32,Fill treatment not radio.
511,251,2022-02-20,32504.35,Fall part song factor.
111,538,2022-05-09,47134.88,Somebody his dark agreement.
530,320,2022-07-23,41090.83,Knowledge let open book.
190,308,2022-05-23,41506.63,Cell ready morning capital.
129,547,2021-09-29,40988.97,Camera performance indeed.
694,110,2023-09-04,18490.25,Worker me world if.
428,271,2022-12-22,23960.36,Think plan rock mean.
498,94,2021-04-30,38682.43,Arm recognize light.
660,392,2024-04-09,25436.33,Against long its hear whole.
603,516,2023-12-19,40450.7,Energy have already right.
436,461,2022-09-04,38392.45,Phone human challenge.
396,134,2022-01-13,38661.5,Son article foot practice.
170,649,2021-05-03,11276.5,South reduce back road.
611,91,2023-08-13,43070.84,Art woman weight a.
369,414,2021-07-15,26609.63,Wind day find while occur.
181,378,2023-01-25,39969.61,West less by.
534,226,2022-07-03,37047.92,Reach owner list room.
372,523,2023-05-25,49030.29,Language quickly memory life.
61,104,2023-02-24,45950.61,Difficult land she expect.
59,235,2023-11-02,48848.91,Bag exactly trouble.
103,283,2024-01-26,42070.8,News heavy leg return author.
280,12,2022-07-21,40890.13,Democratic against ground.
387,44,2023-12-15,8644.02,Join score cell be record.
462,111,2022-04-01,24256.24,Must happy year.
673,478,2021-08-11,17507.66,Serious provide program.
271,413,2023-06-10,45586.19,Or our power talk seem.
264,282,2022-02-16,19169.65,Letter race such focus.
493,460,2022-08-23,37438.1,Company back second way.
656,563,2023-04-07,40194.43,Go town over team buy.
274,576,2024-01-16,10686.31,Across glass sign financial.
92,697,2022-12-16,46170.51,Watch seek impact ask.
698,490,2021-04-28,42062.44,Affect child deep.
112,250,2024-03-25,3474.58,Under rather ago.
285,262,2024-01-01,4178.16,Discussion way middle party.
12,377,2023-07-22,49998.99,Game commercial per clear.
671,401,2021-10-01,18324.23,Area television significant.
476,46,2022-10-18,6502.4,Argue black impact.
452,175,2022-01-18,42479.13,Rate day huge upon my main.
94,614,2023-10-28,12838.96,Tv article adult modern set.
406,495,2024-01-07,28766.05,Fact bit hold television so.
299,241,2022-02-26,8928.45,Better on mouth feeling son.
434,599,2022-03-03,1595.78,Store require contain.
200,388,2024-04-07,13330.28,Tree general fall store.
560,535,2023-09-18,48665.02,Successful account degree.
165,61,2023-01-02,43825.34,Movie which employee save.
248,257,2022-12-02,26339.55,Rate owner talk thank shake.
431,441,2021-05-12,18417.39,Those seem outside occur.
177,520,2022-08-05,46274.86,Hear talk education effort.
597,336,2022-01-27,6906.74,Finish within here network.
468,446,2022-05-03,30477.82,On beautiful our president.
474,372,2023-02-24,26377.29,Research keep support drop.
9,322,2022-10-08,38391.28,Boy staff activity leave.
670,268,2021-11-11,22298.57,Them somebody politics term.
64,640,2021-07-27,47424.14,Exist actually board instead.
641,418,2023-10-21,25310.94,At ready why.
363,178,2022-03-11,5387.5,Lot number common establish.
520,465,2023-08-11,45320.4,Get manager safe on.
465,311,2022-10-31,39543.16,Find own worker with.
629,353,2023-01-18,13264.07,Present those artist.
604,412,2023-04-05,3999.25,Worker story it me feel type.
495,317,2023-07-23,46207.71,Why cultural girl so.
680,480,2023-09-05,35586.41,He job under before.
100,185,2022-05-27,27993.03,Nor American need your.
182,209,2023-10-11,19706.87,Customer dark work out.
278,83,2023-11-01,33592.08,Check player door.
522,638,2023-01-08,7275.24,Others medical arrive focus.
382,217,2022-02-16,10607.91,Instead member trouble.
18,239,2022-10-28,18977.26,Moment big safe soon middle.
151,31,2022-08-11,23989.71,Board successful development.
397,381,2023-07-17,9692.92,Or information have current.
446,171,2023-06-25,28790.79,Prepare on beautiful.
361,453,2023-10-31,20306.15,Court green majority meet.
33,348,2023-11-11,3748.65,Study culture know likely.
589,11,2021-12-17,16293.79,Born there player green free.
687,648,2022-09-10,22056.57,Event suggest break good.
492,680,2024-02-28,13947.85,Really energy little.
214,549,2023-10-02,45417.99,Sister activity hear record.
649,602,2023-07-16,41777.69,Sign his chance street.
201,609,2024-02-09,3571.16,Than whatever wife.
296,545,2021-05-03,48915.59,Both threat item receive.
347,519,2023-09-28,13634.19,Series need plant country.
678,518,2024-03-02,47643.19,World throughout wide pass.
652,555,2023-08-19,49985.35,Moment year happen stay blue.
591,369,2023-06-16,33614.61,Think sign want generation.
501,616,2022-06-01,13590.27,Carry issue dream minute.
381,221,2022-02-06,49367.84,Detail kitchen more.
106,291,2022-02-11,6409.14,Place value respond effect.
114,608,2024-02-08,13655.01,Serve physical officer list.
562,199,2022-05-16,34379.97,Out bad teach she.
525,442,2022-10-01,43043.12,Lose wife wind agency.
204,552,2023-12-20,24903.53,May window baby him fish.
594,658,2022-10-27,7717.66,Always very agreement my.
270,87,2021-08-11,37366.69,World next yeah water last.
74,439,2024-04-10,23936.93,Ability forget though.
144,123,2023-07-09,41485.19,Interest through including.
121,312,2021-07-01,24415.38,But guy trip speak.
457,35,2022-08-24,43075.45,Democratic finally better.
614,521,2023-10-08,15949.48,Meet expect letter attention.
11,467,2022-08-04,10542.23,Walk fine gun their.
209,300,2022-11-09,30303.11,Every clear imagine training.
531,411,2022-08-21,12419.48,Reflect stuff practice.
547,389,2022-07-02,12383.09,Certain next his.
558,346,2022-03-30,32550.45,Main just similar.
164,73,2023-10-16,23897.79,Whose church image.
669,435,2022-09-12,2594.64,Tax over from less join such.
148,628,2022-08-04,45408.24,Music particular real.
260,43,2023-12-15,29466.21,Way prevent anyone if.
395,66,2022-08-23,40429.5,Add to little center.
435,472,2022-02-28,15142.18,Nearly with table.
24,445,2021-10-30,19045.7,Them fire brother civil.
187,86,2021-11-09,24046.91,Leg even even attorney.
409,685,2022-03-16,5365.84,Recognize model bed red.
420,334,2021-07-20,39600.04,Music make summer once.
684,208,2021-11-15,46610.7,Church factor need peace.
459,304,2023-06-10,43802.59,Top really church each.
41,120,2023-12-26,4273.15,Treatment store nature.
624,562,2024-02-16,25641.67,Respond scene prepare.
37,489,2023-08-11,22779.08,Among those clearly street.
587,272,2022-09-16,37737.59,Check nation travel.
632,6,2023-01-04,38822.5,All plan continue test.
283,170,2022-05-07,5447.08,Education foreign car.
583,385,2023-07-29,27685.55,Line act building once.
478,577,2022-02-19,19523.72,Bad stage past human.
685,97,2022-01-07,25709.46,Old off land bring.
135,116,2023-05-08,42746.99,Only food low.
66,691,2023-12-22,24016.61,Five onto laugh deep least.
568,207,2023-03-15,25187.36,Avoid arm magazine.
485,493,2022-02-09,10366.37,Community ok discussion bank.
268,153,2024-03-08,4370.54,Act seek season.
136,637,2023-03-06,37622.85,Entire tell close important.
655,92,2023-05-24,32176.66,Wish shoulder PM thing.
163,574,2022-06-02,7495.12,Show box cover brother ahead.
326,692,2023-04-30,17518.83,Natural member close.
336,686,2021-10-25,11660.71,Relate five beyond present.
49,24,2022-03-03,38278.59,Computer name allow or.
386,71,2023-09-08,11386.11,Door language someone action.
86,319,2021-05-01,45040.14,Strategy wall book court.
42,280,2024-01-29,12327.78,South test war possible.
342,20,2021-06-11,39403.51,Beat in carry.
179,669,2023-06-26,34356.71,Some son never network.
27,464,2023-10-17,33258.44,Simple ask conference hear.
699,564,2022-08-23,23107.36,Fund street property movie.
590,229,2024-01-06,12397.0,Drug main arm dog.
464,570,2023-03-26,25310.74,Owner break pass ago effect.
